dataset,note,technique,,,,,,,,,,,,,,,,,,,
ACSWR::hearing,,pca,,,,,,,,,,,,,,,,,,,
ACSWR::nerve,,"graphs,one-sample",,,,,,,,,,,,,,,,,,,
AER::Affairs,, log-linear,,,,,,,,,,,,,,,,,,,
AER::BankWages,,multiple regression,,,,,,,,,,,,,,,,,,,
AER::CASchools,,multiple regression,,,,,,,,,,,,,,,,,,,
AER::ResumeNames,,"logistic regression, log-linear",,,,,,,,,,,,,,,,,,,
AER::USMacroB,,"regression,time series",,,,,,,,,,,,,,,,,,,
agridat::fisher.barley,,anova-2-way,,,,,,,,,,,,,,,,,,,
agridat::goulden.eggs,,graphs,,,,,,,,,,,,,,,,,,,
aplore3::aps,,"logistic regression, multinomial logistic, ordinal logistic",,,,,,,,,,,,,,,,,,,
aplore3::burn1000,,logistic regression,,,,,,,,,,,,,,,,,,,
BaM::baldus,,logistic regression,,,,,,,,,,,,,,,,,,,
boot::beaver,,"time series,two-sample",,,,,,,,,,,,,,,,,,,
boot::brambles,,spatial,,,,,,,,,,,,,,,,,,,
boot::breslow,,logistic regression,,,,,,,,,,,,,,,,,,,
boot::calcium,,"simple regression,bootstrap",,,,,,,,,,,,,,,,,,,
boot::capability,,one-sample,,,,,,,,,,,,,,,,,,,
boot::cd4,,matched pairs,,,,,,,,,,,,,,,,,,,
boot::gravity,,"two-sample,anova,graphs",,,,,,,,,,,,,,,,,,,
boot::nitrofen,,repeated measures,,,,,,,,,,,,,,,,,,,
boot::nodal,,"log-linear,ordinal logistic regression",,,,,,,,,,,,,,,,,,,
bootstrap::cholost,,"regression,simple regression",,,,,,,,,,,,,,,,,,,
bootstrap::hormone,,"regression,graphs",,,,,,,,,,,,,,,,,,,
bootstrap::law,,"simple regression,correlation,bootstrap",,,,,,,,,,,,,,,,,,,
bootstrap::spatial,,matched pairs,,,,,,,,,,,,,,,,,,,
bootstrap::stamp,,"one-sample,graphs",,,,,,,,,,,,,,,,,,,
BSDA::Monoxide,,"two-sample, mood median",,,,,,,,,,,,,,,,,,,
BSDA::Music,,matched pairs,,,,,,,,,,,,,,,,,,,
ca::wg93,,ordinal logistic regression,,,,,,,,,,,,,,,,,,,
carData::Angell,,"multiple regression,dplyr",,,,,,,,,,,,,,,,,,,
carData::Anscombe,,"simple regression,anova",,,,,,,,,,,,,,,,,,,
carData::CanPop,,"time series,regression",,,,,,,,,,,,,,,,,,,
carData::Davis,,one-sample,,,,,,,,,,,,,,,,,,,
carData::Florida,,graphs,,,,,,,,,,,,,,,,,,,
carData::Greene,,logistic regression,,,,,,,,,,,,,,,,,,,
carData::MplsDemo,,multiple regression,,,,,,,,,,,,,,,,,,,
carData::Moore,,logistic regression,,,,,,,,,,,,,,,,,,,
carData::Mroz,,logistic regression,,,,,,,,,,,,,,,,,,,
carData::TitanicSurvival,,logistic regression,,,,,,,,,,,,,,,,,,,
carData::Transact,,regression,,,,,,,,,,,,,,,,,,,
carData::UN,,"pca,graphs,dplyr",,,,,,,,,,,,,,,,,,,
carData::Vocab,,"graphs,regression,ancova",,,,,,,,,,,,,,,,,,,
carData::WeightLoss,,repeated measures,,,,,,,,,,,,,,,,,,,
carData::Wong,,simple regression,,,,,,,,,,,,,,,,,,,
carData::Wool,,"anova,3-way anova",,,,,,,,,,,,,,,,,,,
CatDataAnalysis::table_10.1,,log-linear,,,,,,,,,,,,,,,,,,,
cherryblossom::run12,,"dplyr,graphs,summaries",,,,,,,,,,,,,,,,,,,
cluster::agriculture,,regression,,,,,,,,,,,,,,,,,,,
cluster::animals,,cluster,,,,,,,,,,,,,,,,,,,
cluster::pluton,,k-means,,,,,,,,,,,,,,,,,,,
cluster.datasets::ct.president.vote.1920.1964,,"tidying,cluster",,,,,,,,,,,,,,,,,,,
cluster.datasets::european.foods,, cluster,,,,,,,,,,,,,,,,,,,
cluster.datasets::mutation.distances.1967,,cluster,,,,,,,,,,,,,,,,,,,
cluster.datasets::sample.mammals.milk.1956,,"cluster, k-means",,,,,,,,,,,,,,,,,,,
cluster.datasets::us.car.repair.1969,,cluster,,,,,,,,,,,,,,,,,,,
DAAG::cerealsugar,,one-sample,,,,,,,,,,,,,,,,,,,
DAAG::cricketer,, survival,,,,,,,,,,,,,,,,,,,
DAAG::cuckoos,,"regression with categorical, MANOVA,  discriminant",,,,,,,,,,,,,,,,,,,
datasets::beaver2,,"simple regression,time series",,,,,,,,,,,,,,,,,,,
datasets::cars,,"graphs,regression",,,,,,,,,,,,,,,,,,,
datasets::chickwts,,anova,,,,,,,,,,,,,,,,,,,
datasets::fdeaths,,time series,,,,,,,,,,,,,,,,,,,
datasets::HairEyeColor,,log-linear,,,,,,,,,,,,,,,,,,,
datasets::infert,,?,,,,,,,,,,,,,,,,,,,
datasets::islands,,graphs,,,,,,,,,,,,,,,,,,,
datasets::occupationalStatus,,log-linear,,,,,,,,,,,,,,,,,,,
datasets::quakes,,maps,,,,,,,,,,,,,,,,,,,
datasets::stackloss,,regression,,,,,,,,,,,,,,,,,,,
datasets::swiss,,"regression,pca",,,,,,,,,,,,,,,,,,,
datasets::Theoph,,repeated measures,,,,,,,,,,,,,,,,,,,
datasets::UKDriverDeaths,,two-sample,,,,,,,,,,,,,,,,,,,
datasets::UKgas,,time series,,,,,,,,,,,,,,,,,,,
dendextend::khan,,?,,,,,,,,,,,,,,,,,,,
Devore7::ex01.36,p. 30,one-sample,,,,,,,,,,,,,,,,,,,
Devore7::ex06.15,p. 242,one-sample,,,,,,,,,,,,,,,,,,,
Devore7::ex09.41,p. 352,matched pairs,,,,,,,,,,,,,,,,,,,
Devore7::ex09.90,p. 368,mcnemar test,,,,,,,,,,,,,,,,,,,
Devore7::ex14.23,p. 587,"one-sample,normal quantile",,,,,,,,,,,,,,,,,,,
Devore7::ex14.38,p. 595,chi-squared,,,,,,,,,,,,,,,,,,,
Devore7::xmp01.14,p. 28,one-sample,,,,,,,,,,,,,,,,,,,
Devore7::xmp14.10,p. 582,"one-sample, normal quantile ",,,,,,,,,,,,,,,,,,,
drc::capricornutum,,"simple regression, poisson regression",,,,,,,,,,,,,,,,,,,
drc::daphnids,,grouped logistic regression,,,,,,,,,,,,,,,,,,,
exactRankTests::ASAT,,two-sample,,,,,,,,,,,,,,,,,,,
exactRankTests::lungcancer,,survival,,,,,,,,,,,,,,,,,,,
exactRankTests::neuropathy,,two-sample,,,,,,,,,,,,,,,,,,,
faraway::aatemp,,"time series,graphs",,,,,,,,,,,,,,,,,,,
faraway::africa,,poisson regression,,,,,,,,,,,,,,,,,,,
faraway::babyfood,,grouped logistic regression,,,,,,,,,,,,,,,,,,,
faraway::beetle,,grouped logistic regression,,,,,,,,,,,,,,,,,,,
faraway::broccoli,,anova,,,,,,,,,,,,,,,,,,,
faraway::cheddar,,regression,,,,,,,,,,,,,,,,,,,
faraway::choccake,,two-way anova,,,,,,,,,,,,,,,,,,,
faraway::coagulation,,anova,,,,,,,,,,,,,,,,,,,
faraway::composite,,two way anova,,,,,,,,,,,,,,,,,,,
faraway::death,,log-linear,,,,,,,,,,,,,,,,,,,
faraway::debt,,multiple regression,,,,,,,,,,,,,,,,,,,
faraway::eggs,,"anova,nested anova",,,,,,,,,,,,,,,,,,,
faraway::esdcomp,,poisson regression,,,,,,,,,,,,,,,,,,,
faraway::gala,,regression,,,,,,,,,,,,,,,,,,,
faraway::gavote,,regression,,,,,,,,,,,,,,,,,,,
faraway::infmort,,"regression,two-sample,anova",,,,,,,,,,,,,,,,,,,
faraway::insulgas,,"ancova, multiple regression, regression with categ",,,,,,,,,,,,,,,,,,,
faraway::nepali,,"graphs,dplyr,summaries",,,,,,,,,,,,,,,,,,,
faraway::odor,,2-way anova,,,,,,,,,,,,,,,,,,,
faraway::parstum,,"chi-square, log-linear",,,,,,,,,,,,,,,,,,,
faraway::ratdrink,,repeated measures,,,,,,,,,,,,,,,,,,,
faraway::sat,,regression,,,,,,,,,,,,,,,,,,,
faraway::seatpos,,regression,,,,,,,,,,,,,,,,,,,
faraway::spector,,logistic regression,,,,,,,,,,,,,,,,,,,
faraway::stat500,,regression,,,,,,,,,,,,,,,,,,,
faraway::troutegg,,grouped logistic regression,,,,,,,,,,,,,,,,,,,
faraway::twins,,"matched pairs,anova",,,,,,,,,,,,,,,,,,,
faraway::wheat,,anova,,,,,,,,,,,,,,,,,,,
fda::seabird,,dplyr,,,,,,,,,,,,,,,,,,,
fds::SAelectdemand,,time series,,,,,,,,,,,,,,,,,,,
fds::tastotal,,time series,,,,,,,,,,,,,,,,,,,
fields::CO.ppt.MAM.climate,,"regression,anova",,,,,,,,,,,,,,,,,,,
fields::RMelevation,,"maps,regression",,,,,,,,,,,,,,,,,,,
fma::texasgas,,simple regression,,,,,,,,,,,,,,,,,,,
fpp2::marathon,,"graphs,time series",,,,,,,,,,,,,,,,,,,
fpp2::oil,,time series,,,,,,,,,,,,,,,,,,,
geoR::isaaks,,geostatistics,,,,,,,,,,,,,,,,,,,
GGally::pigs,,"time series,regression",,,,,,,,,,,,,,,,,,,
ggbiplot::wine,,"manova,discrim",,,,,,,,,,,,,,,,,,,
ggplot2::midwest,,"graphs,dplyr",,,,,,,,,,,,,,,,,,,
ggridges::lincoln_weather,,pca,,,,,,,,,,,,,,,,,,,
GLMsData::serum,,logistic regression,,,,,,,,,,,,,,,,,,,
GLMsData::setting,,regression,,,,,,,,,,,,,,,,,,,
gnm::yaish,, log-linear,,,,,,,,,,,,,,,,,,,
gpk::Asthma4,,repeated measures,,,,,,,,,,,,,,,,,,,
gpk::BANK,,"logistic regression,log-linear",,,,,,,,,,,,,,,,,,,
gpk::Mimosaceae,,simple regression,,,,,,,,,,,,,,,,,,,
grdata::hydro,,dates,,,,,,,,,,,,,,,,,,,
gstat::wind,,"two-sample, anova ",,,,,,,,,,,,,,,,,,,
heplots::NeuroCog,,"manova,discrim",,,,,,,,,,,,,,,,,,,
heplots::Rohwer,, multiple regression,,,,,,,,,,,,,,,,,,,
HistData::ChestStigler,,"one-sample,normal quantile",,,,,,,,,,,,,,,,,,,
HistData::Cholera,,"regression,anova",,,,,,,,,,,,,,,,,,,
HistData::CushnyPeeblesN,,matched pairs,,,,,,,,,,,,,,,,,,,
HistData::EdgeworthDeaths,,"anova,randomized block",,,,,,,,,,,,,,,,,,,
HistData::Galton,,"simple regression,graphs",,,,,,,,,,,,,,,,,,,
HistData::Guerry,,pca,,,,,,,,,,,,,,,,,,,
HistData::Jevons,,"simple regression,graphs",,,,,,,,,,,,,,,,,,,
HistData::Minard.temp,,mapping,,,,,,,,,,,,,,,,,,,
HistData::Quarrels,,multinomial logistic regression,,,,,,,,,,,,,,,,,,,
irr::video,,ordinal scale,,,,,,,,,,,,,,,,,,,
isdals::aids,,"graphs,two-sample,time series",,,,,,,,,,,,,,,,,,,
isdals::cornyield,,"anova-2-way, ancova",,,,,,,,,,,,,,,,,,,
isdals::digestcoefs,,matched pairs,,,,,,,,,,,,,,,,,,,
isdals::hazard,,anova,,,,,,,,,,,,,,,,,,,
isdals::ricestraw weight gain for cattle fed rice straw from number of days fed,,simple regression,,,,,,,,,,,,,,,,,,,
ISwR::energy,,two-sample,,,,,,,,,,,,,,,,,,,
ISwR::secretin,,repeated measures,,,,,,,,,,,,,,,,,,,
ISwR::zelazo,,"anova,mood median",,,,,,,,,,,,,,,,,,,
janeaustenr::northangerabbey,,text analysis,,,,,,,,,,,,,,,,,,,
janeaustenr::prideprejudice,,text analysis,,,,,,,,,,,,,,,,,,,
kernlab::ticdata,,logistic regression,,,,,,,,,,,,,,,,,,,
KMsurv::allograft,,survival,,,,,,,,,,,,,,,,,,,
KMsurv::azt,,survival,,,,,,,,,,,,,,,,,,,
KMsurv::drughiv,,survival,,,,,,,,,,,,,,,,,,,
KMsurv::pneumon,,survival,,,,,,,,,,,,,,,,,,,
KMsurv::psych,,survival,,,,,,,,,,,,,,,,,,,
KMsurv::tongue,,survival,,,,,,,,,,,,,,,,,,,
ks::air,,"manova,pca",,,,,,,,,,,,,,,,,,,
ks::worldbank,,pca,,,,,,,,,,,,,,,,,,,
lattice::H_environmental,,multiple regression,,,,,,,,,,,,,,,,,,,
lattice::USRegionalMortality,,"regression,dplyr",,,,,,,,,,,,,,,,,,,
lmerTest::carrots,,"regression,pca,ordinal logistic regression,log-linear",,,,,,,,,,,,,,,,,,,
lmtest::wages,,multiple regression,,,,,,,,,,,,,,,,,,,
locfit::co2,,"time series,two-sample",,,,,,,,,,,,,,,,,,,
Lock5Data::April14Temps1e,," ""matched pairs, graphs""",,,,,,,,,,,,,,,,,,,
Lock5Data::BikeCommute,,two-sample,,,,,,,,,,,,,,,,,,,
Lock5Data::CocaineTreatment,,"logistic regression,chi-squared,log-linear",,,,,,,,,,,,,,,,,,,
Lock5Data::ColaCalcium,,two-sample,,,,,,,,,,,,,,,,,,,
Lock5Data::DrugResistance,,"anova,ancova",,,,,,,,,,,,,,,,,,,
Lock5Data::ExerciseHours,,"graphs,dplyr,two-sample,regression",,,,,,,,,,,,,,,,,,,
Lock5Data::HeatCognition,,"two-sample, manova, discrim",,,,,,,,,,,,,,,,,,,
Lock5Data::HeightData,,repeated measures,,,,,,,,,,,,,,,,,,,
Lock5Data::HockeyPenalties2011,,"graphs,anova",,,,,,,,,,,,,,,,,,,
Lock5Data::Honeybee,,"time series,two-sample",,,,,,,,,,,,,,,,,,,
Lock5Data::Hurricanes2014,,graphs,,,,,,,,,,,,,,,,,,,
Lock5Data::LifeExpectancyVehicles2e,,multiple regression,,,,,,,,,,,,,,,,,,,
Lock5Data::MiamiHeat,," ""graphs, numerical summaries, choosing""",,,,,,,,,,,,,,,,,,,
Lock5Data::NFLContracts2015,,"graphs,anova",,,,,,,,,,,,,,,,,,,
Lock5Data::OlympicMarathon2012,,"graphs,summaries,dplyr",,,,,,,,,,,,,,,,,,,
Lock5Data::OttawaSenators2019,,"graphs,one-sample,two-sample",,,,,,,,,,,,,,,,,,,
Lock5Data::PizzaGirl,,"anova,mood median",,,,,,,,,,,,,,,,,,,
Lock5Data::SampCountries,,"pca,graphs,summaries,dplyr",,,,,,,,,,,,,,,,,,,
Lock5Data::Smiles,,two-sample,,,,,,,,,,,,,,,,,,,
Lock5Data::ToenailArsenic,,one-sample,,,,,,,,,,,,,,,,,,,
Lock5Data::USStates2e,,"dplyr,graphs",,,,,,,,,,,,,,,,,,,
MLGdata::Neonati,,"ancova,two-sample",,,,,,,,,,,,,,,,,,,
maps::ozone,,"time series,graphs",,,,,,,,,,,,,,,,,,,
maps::unemp,,simple regression,,,,,,,,,,,,,,,,,,,
MASS::abbey,,one-sample,,,,,,,,,,,,,,,,,,,
MASS::beav1,,"time series,two-sample,graphs",,,,,,,,,,,,,,,,,,,
MASS::birthwt,,logistic regression,,,,,,,,,,,,,,,,,,,
MASS::Boston,,"regression,pca",,,,,,,,,,,,,,,,,,,
MASS::Cars93,,"regression,anova,graphs",,,,,,,,,,,,,,,,,,,
MASS::cement,,regression,,,,,,,,,,,,,,,,,,,
MASS::chem,,one-sample,,,,,,,,,,,,,,,,,,,
MASS::crabs,,"discriminant analysis,pca,cluster",,,,,,,,,,,,,,,,,,,
MASS::fgl,,"multinomial logistic regression,manova,discrim",,,,,,,,,,,,,,,,,,,
MASS::GAGurine,,regression,,,,,,,,,,,,,,,,,,,
MASS::gehan,,survival,,,,,,,,,,,,,,,,,,,
MASS::gilgais,,"pca,cluster",,,,,,,,,,,,,,,,,,,
MASS::housing,,"ordered logistic,log-linear",,,,,,,,,,,,,,,,,,,
MASS::Insurance,,"graphs,general,anova",,,,,,,,,,,,,,,,,,,
MASS::muscle,,simple regression,,,,,,,,,,,,,,,,,,,
MASS::mcycle,,simple regression,,,,,,,,,,,,,,,,,,,
MASS::oats,,"anova,3-way anova",,,,,,,,,,,,,,,,,,,
MASS::phones,,"time series,two-sample,anova",,,,,,,,,,,,,,,,,,,
MASS::Pima.tr,,logistic regression,,,,,,,,,,,,,,,,,,,
MASS::Rabbit,,repeated measures,,,,,,,,,,,,,,,,,,,
MASS::road,,regression,,,,,,,,,,,,,,,,,,,
MASS::rotifer,,logistic regression,,,,,,,,,,,,,,,,,,,
MASS::shrimp,,one-sample,,,,,,,,,,,,,,,,,,,
MASS::survey,,graphs,,,,,,,,,,,,,,,,,,,
MASS::waders,,pca,,,,,,,,,,,,,,,,,,,
MASS::whiteside,,"regression,graphs,ancova",,,,,,,,,,,,,,,,,,,
mclust::acidity,,"graphs,one-sample",,,,,,,,,,,,,,,,,,,
MindOnStats::Fashion,,log-linear,,,,,,,,,,,,,,,,,,,
MindOnStats::IdealWtMen,,one-sample,,,,,,,,,,,,,,,,,,,
MindOnStats::SATS98,,"simple regression,graphs",,,,,,,,,,,,,,,,,,,
MLGdata::Abrasion,,multiple regression,,,,,,,,,,,,,,,,,,,
mitools::pisamaths,,"sampling,dplyr",,,,,,,,,,,,,,,,,,,
modelr::heights,,"regression,graphs,dplyr ",,,,,,,,,,,,,,,,,,,
mosaicData::HELPfull,,"log-linear, dplyr",,,,,,,,,,,,,,,,,,,
mosaicData::Marriage,,"graphs,summaries,dplyr",,,,,,,,,,,,,,,,,,,
msos::sportsranks,,"tidying, cluster",,,,,,,,,,,,,,,,,,,
multcomp::waste,,two-way anova,,,,,,,,,,,,,,,,,,,
msme::rwm5yr,,multiple regression,,,,,,,,,,,,,,,,,,,
nlme::Cefamandole,,"repeated measures,graphs",,,,,,,,,,,,,,,,,,,
nlme::ergoStool,,"repeated measures, mixed model",,,,,,,,,,,,,,,,,,,
nlme::Gun,,anova,,,,,,,,,,,,,,,,,,,
nlme::Machines,,"repeated measures,manova",,,,,,,,,,,,,,,,,,,
nlme::MathAchieve,,"regression,sampling,manova,dplyr",,,,,,,,,,,,,,,,,,,
nlme::MathAchSchool,,"regression,sampling",,,,,,,,,,,,,,,,,,,
nlme::Orthodont,,repeated measures,,,,,,,,,,,,,,,,,,,
nlme::Oxboys,,repeated measures,,,,,,,,,,,,,,,,,,,
nlme::Oxide,,"anova,manova,repeated measures",,,,,,,,,,,,,,,,,,,
nlme::Relaxin,,"regression,lme4",,,,,,,,,,,,,,,,,,,
NSM3::motivational.effect,,mood median,,,,,,,,,,,,,,,,,,,
NSM3::mucociliary,,"anova,mood median",,,,,,,,,,,,,,,,,,,
openintro::classdata,,anova,,,,,,,,,,,,,,,,,,,
openintro::duke_forest,,multiple regression,,,,,,,,,,,,,,,,,,,
openintro::email50,,logistic regression,,,,,,,,,,,,,,,,,,,
openintro::fact_opinion,,"summary,graphs,anova",,,,,,,,,,,,,,,,,,,
openintro::elmhurst,,"simple regression,graphs",,,,,,,,,,,,,,,,,,,
openintro::gpa_study_hours,,"simple regression,graphs",,,,,,,,,,,,,,,,,,,
openintro::healthcare_law_survey,,log-linear,,,,,,,,,,,,,,,,,,,
openintro::male_heights,,one-sample,,,,,,,,,,,,,,,,,,,
openintro::migraine,,chi-squared,,,,,,,,,,,,,,,,,,,
openintro::piracy,, ordinal logistic regression,,,,,,,,,,,,,,,,,,,
openintro::pm25_2011_durham,,pca,,,,,,,,,,,,,,,,,,,
openintro::race_justice,,"summaries,graphs",,,,,,,,,,,,,,,,,,,
openintro::seattlepets,,"summaries,graphs,dplyr",,,,,,,,,,,,,,,,,,,
openintro::simpsons_paradox_covid,,"log-linear,simpson's paradox",,,,,,,,,,,,,,,,,,,
openintro::ucla_textbooks_f18,,"graphs,dplyr,two-sample,anova",,,,,,,,,,,,,,,,,,,
PairedData::Iron,,"matched pairs,also see help",,,,,,,,,,,,,,,,,,,
PairedData::PrisonStress,,"matched pairs,two-sample",,,,,,,,,,,,,,,,,,,
psych::Harman.Holzinger,,pca,,,,,,,,,,,,,,,,,,,
quantreg::barro,,"pca, regression",,,,,,,,,,,,,,,,,,,
quantreg::engel,,simple regression,,,,,,,,,,,,,,,,,,,
rattle::audit,,regression,,,,,,,,,,,,,,,,,,,
resampledata::Alelager,,"graphs,two-sample,mood median",,,,,,,,,,,,,,,,,,,
Rfit::serumLH,,anova-2-way,,,,,,,,,,,,,,,,,,,
Rlab::bread,,anova-2-way,,,,,,,,,,,,,,,,,,,
robustbase::aircraft,,regression,,,,,,,,,,,,,,,,,,,
robustbase::cloud,,regression,,,,,,,,,,,,,,,,,,,
robustbase::CrohnD,,poisson regression,,,,,,,,,,,,,,,,,,,
robustbase::delivery,,regression,,,,,,,,,,,,,,,,,,,
rpart.plot::ptitanic,,logistic regression,,,,,,,,,,,,,,,,,,,
rrcov::diabetes,,"discriminant,cluster",,,,,,,,,,,,,,,,,,,
rrcov::hemophilia,,"two-sample,discriminant,manova",,,,,,,,,,,,,,,,,,,
rrcov::rice,,multiple regression,,,,,,,,,,,,,,,,,,,
rrcov::salmon,,"manova,discriminant",,,,,,,,,,,,,,,,,,,
sampling::swissmunicipalities,,"sampling,regression,dplyr",,,,,,,,,,,,,,,,,,,
SenSrivastava::E2.8,,multiple regression,,,,,,,,,,,,,,,,,,,
SenSrivastava::E4.1,,two-sample,,,,,,,,,,,,,,,,,,,
SenSrivastava::E4.13,,regression with categorical,,,,,,,,,,,,,,,,,,,
shapes::gorm.dat,,shape analysis,,,,,,,,,,,,,,,,,,,
Sleuth2::case1401,,"2-way anova, randomized block",,,,,,,,,,,,,,,,,,,
Sleuth2::case1502,,"graphs,time series",,,,,,,,,,,,,,,,,,,
Sleuth2::case1602,,matched pairs,,,,,,,,,,,,,,,,,,,
Sleuth2::ex1919,,log-linear,,,,,,,,,,,,,,,,,,,
Sleuth3::ex0432,,matched pairs,,,,,,,,,,,,,,,,,,,
Sleuth3::ex0722,,"regression with categorical, ancova",,,,,,,,,,,,,,,,,,,
Sleuth3::ex1420,,"ancova,regression with categorical",,,,,,,,,,,,,,,,,,,
spatstat.data::clmfires,,anova,,,,,,,,,,,,,,,,,,,
spatstat.data::gordon,,spatial,,,,,,,,,,,,,,,,,,,
spatstat.data::waka,,"multivariate,regression,multinomial logistic regression",,,,,,,,,,,,,,,,,,,
spData::us_states_df,,matched pairs,,,,,,,,,,,,,,,,,,,
spuRs::kew,,"tidying, graphs",,,,,,,,,,,,,,,,,,,
Stat2Data::ICU,,"logistic regression, log-linear",,,,,,,,,,,,,,,,,,,
Stat2Data::MathEnrollment,,"simple regression,matched pairs",,,,,,,,,,,,,,,,,,,
Stat2Data::Olives,,"anova, manova",,,,,,,,,,,,,,,,,,,
Stat2Data::SleepingShrews,,"repeated measures,manova",,,,,,,,,,,,,,,,,,,
stevedata::LTWT,,"time series,graphs",,,,,,,,,,,,,,,,,,,
stevedata::mvprod,,graphs,,,,,,,,,,,,,,,,,,,
survey::apiclus1,,"sampling, dplyr",,,,,,,,,,,,,,,,,,,
survey::apipop,,"sampling,dplyr",,,,,,,,,,,,,,,,,,,
survival::aml,,survival,,,,,,,,,,,,,,,,,,,
survival::cgd0,,survival,,,,,,,,,,,,,,,,,,,
survival::heart,,survival,,,,,,,,,,,,,,,,,,,
survival::jasa,,survival,,,,,,,,,,,,,,,,,,,
survival::udca,,survival,,,,,,,,,,,,,,,,,,,
survMisc::gastric,,survival,,,,,,,,,,,,,,,,,,,
TeachingDemos::ccc,,maps,,,,,,,,,,,,,,,,,,,
TeachingDemos::steps,,"multiple regression,graphs,dplyr",,,,,,,,,,,,,,,,,,,
tidyr::table1,,tidying,,,,,,,,,,,,,,,,,,,
tidyr::table5,,tidying,,,,,,,,,,,,,,,,,,,
tseries::GNP,,"time series,graphs",,,,,,,,,,,,,,,,,,,
tseries::tcm3yd,,time series,,,,,,,,,,,,,,,,,,,
UsingR::diamond,,"simple regression, simple regression",,,,,,,,,,,,,,,,,,,
vcd::JobSatisfaction,,log-linear,,,,,,,,,,,,,,,,,,,
vcd::Punishment,,log-linear,,,,,,,,,,,,,,,,,,,
vcd::Saxony,,"graphs, summary, choosing, tidying",,,,,,,,,,,,,,,,,,,
vcd::Suicide,,"summary,graphs",,,,,,,,,,,,,,,,,,,
vcd::UKSoccer,,"simple regression,graphs",,,,,,,,,,,,,,,,,,,
vcd::Trucks,,two-sample,,,,,,,,,,,,,,,,,,,
vcdExtra::Abortion,,log-linear,,,,,,,,,,,,,,,,,,,
vcdExtra::Heart,,log-linear,,,,,,,,,,,,,,,,,,,
vcdExtra::Heckman,,log-linear,,,,,,,,,,,,,,,,,,,
vcdExtra::Hoyt,,log-linear,,,,,,,,,,,,,,,,,,,
agridat::aastveit.barley.height,,2-way anova,,,,,,,,,,,,,,,,,,,
fma::strikes,,time series,,,,,,,,,,,,,,,,,,,
agridat::bliss.borers,,anova,,,,,,,,,,,,,,,,,,,
datasets::eurodist,,"cluster,scaling",,,,,,,,,,,,,,,,,,,
Stat2Data::PeaceBridge2012,,time series,,,,,,,,,,,,,,,,,,,
gpk::birdextinct,,regression,,,,,,,,,,,,,,,,,,,
MLGdata::Bioassay,,logistic regression,,,,,,,,,,,,,,,,,,,
psych::Thurstone.33,,factor analysis,,,,,,,,,,,,,,,,,,,
Devore7::ex09.30,p. 343,two-sample,,,,,,,,,,,,,,,,,,,
Devore7::ex09.65,p. 364,two-sample,,,,,,,,,,,,,,,,,,,
AER::CPSSW04,,simple regression,,,,,,,,,,,,,,,,,,,
cluster.datasets::student.questionnaire,,cluster,,,,,,,,,,,,,,,,,,,
KMsurv::larynx,used,survival,,,,,,,,,,,,,,,,,,,
HH::display,,2-way anova,,,,,,,,,,,,,,,,,,,
mice::tbc.target,,logistic regression,,,,,,,,,,,,,,,,,,,
MLGdata::Infant,,log-linear,,,,,,,,,,,,,,,,,,,
Lock5Data::NFLScores2011,,"graphs,summaries,dplyr",,,,,,,,,,,,,,,,,,,
BSDA::Haptoglo,,one-sample,,,,,,,,,,,,,,,,,,,
Devore7::ex11.08,p. 409,anova,,,,,,,,,,,,,,,,,,,
Devore7::ex06.01,p. 240,one-sample,,,,,,,,,,,,,,,,,,,
isdals::stearicacid,,simple regression,,,,,,,,,,,,,,,,,,,
HSAUR3::agefat,,ancova,,,,,,,,,,,,,,,,,,,
PairedData::GrapeFruit,,matched pairs,,,,,,,,,,,,,,,,,,,
vcd::BrokenMarriage,,log-linear,,,,,,,,,,,,,,,,,,,
Sleuth3::ex0428,,matched pairs,,,,,,,,,,,,,,,,,,,
cluster.datasets::leukemia.youth.mortality.1956.1967,,cluster (k-means),,,,,,,,,,,,,,,,,,,
faraway::fortune,,ancova,,,,,,,,,,,,,,,,,,,
Rlab::airplane,,anova,,,,,,,,,,,,,,,,,,,
isdals::interspike,used,sign test,,,,,,,,,,,,,,,,,,,
HH::pox,,matched pairs,,,,,,,,,,,,,,,,,,,
Devore7::xmp07.11,p. 273,one-sample,,,,,,,,,,,,,,,,,,,
mistat::DOJO1935,,time series,,,,,,,,,,,,,,,,,,,
BSDA::Chesapea,,one-sample,,,,,,,,,,,,,,,,,,,
Stat2Data::MentalHealth,,anova,,,,,,,,,,,,,,,,,,,
BSDA::Apolipop,,simple regression,,,,,,,,,,,,,,,,,,,
HSAUR3::USairpollution,,multiple regression,,,,,,,,,,,,,,,,,,,
Devore7::ex01.15,p. 21,two-sample,,,,,,,,,,,,,,,,,,,
faraway::mammalsleep,,multiple regression,,,,,,,,,,,,,,,,,,,
Sleuth3::case1801,,log-linear,,,,,,,,,,,,,,,,,,,
HH::filmcoat,,2-way anova,,,,,,,,,,,,,,,,,,,
regtools::falldetection,,multiple regression,,,,,,,,,,,,,,,,,,,
Sleuth3::ex2019,,logistic regression,,,,,,,,,,,,,,,,,,,
datasets::ChickWeight,,"Ancova,repeated measures",,,,,,,,,,,,,,,,,,,
BSDA::Spouse,,log-linear,,,,,,,,,,,,,,,,,,,
AER::HealthInsurance,,logistic regression,,,,,,,,,,,,,,,,,,,
MASS::cats,,ancova,,,,,,,,,,,,,,,,,,,
nlme::BodyWeight,,repeated measures,,,,,,,,,,,,,,,,,,,
Devore7::ex10.06,p. 378,anova,,,,,,,,,,,,,,,,,,,
DAAG::hills2000,,multiple regression,,,,,,,,,,,,,,,,,,,
MASS::deaths,,time series,,,,,,,,,,,,,,,,,,,
agridat::tai.potato,,2-way anova,,,,,,,,,,,,,,,,,,,
MASS::geyser,,simple regression,,,,,,,,,,,,,,,,,,,
MASS::farms,,"manova,discrim",,,,,,,,,,,,,,,,,,,
Devore7::xmp16.01,p. 628,"One-sample,time series,quality control",,,,,,,,,,,,,,,,,,,
BSDA::Orioles,,one-sample,,,,,,,,,,,,,,,,,,,
datasets::uspop,,"time series,simple regression",,,,,,,,,,,,,,,,,,,
Devore7::xmp04.31,p. 177,"normal quantile,weibull quantile",,,,,,,,,,,,,,,,,,,
Lock5Data::CollegeScores,,"graphs,dplyr,discrim,pca",,,,,,,,,,,,,,,,,,,
BSDA::Concrete,,two-sample,,,,,,,,,,,,,,,,,,,
psych::Thurstone.9,,factor analysis,,,,,,,,,,,,,,,,,,,
Lock5Data::SkateboardPrices,,one-sample,,,,,,,,,,,,,,,,,,,
Stat2Data::Sparrows,,"anova,manova,discrim",,,,,,,,,,,,,,,,,,,
Devore7::ex14.31,p. 594,"Chi-squared,log-linear",,,,,,,,,,,,,,,,,,,
Devore7::ex09.12,p. 335,Two-sample,,,,,,,,,,,,,,,,,,,
Devore7::ex06.03,p. 240,one-sample,,,,,,,,,,,,,,,,,,,
Stat2Data::CreditRisk,,logistic regression,,,,,,,,,,,,,,,,,,,
Lock5Data::SleepStudy,,"graphs,dplyr,discrim,pca",,,,,,,,,,,,,,,,,,,
datas,,"graphs,dplyr",,,,,,,,,,,,,,,,,,,
SMPracticals::ulcer,,logistic regression,,,,,,,,,,,,,,,,,,,
HH::stopdist,,simple regression,,,,,,,,,,,,,,,,,,,
DAAG::tomato,,anova,,,,,,,,,,,,,,,,,,,
HH::htwt,,"graphs,two-sample,dplyr,simple regression,multiple regression",,,,,,,,,,,,,,,,,,,
fds::tuesdaytempairport,,"graphs,time series",,,,,,,,,,,,,,,,,,,
mosaicData::SnowGR,,"graphs,time series,anova",,,,,,,,,,,,,,,,,,,
CatDataAnalysis::exercise_6.20,,logistic regression,,,,,,,,,,,,,,,,,,,
Sleuth2::ex0331,,two-sample,,,,,,,,,,,,,,,,,,,
fds::Pigweight,,repeated measures,,,,,,,,,,,,,,,,,,,
BSDA::Kilowatt,,one-sample,,,,,,,,,,,,,,,,,,,
gt::pizzaplace,,"multiple regression,2-way anova",,,,,,,,,,,,,,,,,,,
mclust::EuroUnemployment,,cluster analysis k-means,,,,,,,,,,,,,,,,,,,
regtools::mlens,,"graphs,multiple regression",,,,,,,,,,,,,,,,,,,
BSDA::Teacher,,one-sample,,,,,,,,,,,,,,,,,,,
Rlab::ncsu,,"graphs,two-sample,anova,time series",,,,,,,,,,,,,,,,,,,
agridat::turner.herbicide,,logistic regression,,,,,,,,,,,,,,,,,,,
survival::pbc,,survival,,,,,,,,,,,,,,,,,,,
ACSWR::ns,,simulation,,,,,,,,,,,,,,,,,,,
MindOnStats::Rainfall,,"graphs,one-sample,two-sample",,,,,,,,,,,,,,,,,,,
Stat2Data::RailsTrails,,multiple regression,,,,,,,,,,,,,,,,,,,
Devore7::ex13.15,p. 517,simple regression,,,,,,,,,,,,,,,,,,,
Devore7::ex14.21,p. 587,normal quantile plot,,,,,,,,,,,,,,,,,,,
tidyr::us_rent_income,,simple regression,,,,,,,,,,,,,,,,,,,
aplore3::chdage,,logistic regression,,,,,,,,,,,,,,,,,,,
resampledata::Bushmeat,,"regression,bootstrap",,,,,,,,,,,,,,,,,,,
Sleuth2::ex0431,,survival,,,,,,,,,,,,,,,,,,,
HH::tongue,,logistic regression,,,,,,,,,,,,,,,,,,,
Stat2Data::PigFeed,,2-way anova,,,,,,,,,,,,,,,,,,,
BSDA::Attorney,,simple regression,,,,,,,,,,,,,,,,,,,
ISwR::alkfos,,repeated measures,,,,,,,,,,,,,,,,,,,
AER::CPSSW9204,,multiple regression,,,,,,,,,,,,,,,,,,,
agridat::crowder.seeds,,"logistic regression,log-linear",,,,,,,,,,,,,,,,,,,
lgrdata::pulse,,multiple regression,,,,,,,,,,,,,,,,,,,
Devore7::ex12.46,p. 483,simple regression,,,,,,,,,,,,,,,,,,,
stevedata::min_wage,,graphs,,,,,,,,,,,,,,,,,,,
ACSWR::depression,,matched pairs,,,,,,,,,,,,,,,,,,,
MindOnStats::IdealWt,,simple regression,,,,,,,,,,,,,,,,,,,
Devore7::xmp16.06,p. 642,"graphs,proportions,control chart",,,,,,,,,,,,,,,,,,,
SMPracticals::cat.heart,,latin square,,,,,,,,,,,,,,,,,,,
SMPracticals::sticky,,anova,,,,,,,,,,,,,,,,,,,
fma::advert,,simple regression,,,,,,,,,,,,,,,,,,,
fields::CO.loc (COmonthlyMet),,maps,,,,,,,,,,,,,,,,,,,
fda::MontrealTemp,,"time series,graphs,two-sample",,,,,,,,,,,,,,,,,,,
SenSrivastava::E6.8,,multiple regression,,,,,,,,,,,,,,,,,,,
Stat2Data::AHCAvote2017,,"dplyr,graphs,matched pairs,two-sample",,,,,,,,,,,,,,,,,,,
openintro::orings,,logistic regression,,,,,,,,,,,,,,,,,,,
BSDA::Board,,anova,,,,,,,,,,,,,,,,,,,
SMPracticals::salinity,,multiple regression,,,,,,,,,,,,,,,,,,,
BSDA::Mathpro,,simple regression,,,,,,,,,,,,,,,,,,,
Stat2Data::Eyes,,two-sample,,,,,,,,,,,,,,,,,,,
ISwR::nickel.expand,,survival,,,,,,,,,,,,,,,,,,,
Sleuth3::ex0724,,"graphs,repeated measures",,,,,,,,,,,,,,,,,,,
insight::fish,check source of insight package; probably made up,?,,,,,,,,,,,,,,,,,,,
AER::OECDGrowth,,multiple regression,,,,,,,,,,,,,,,,,,,
cluster.datasets::portable.typewriters,,cluster,,,,,,,,,,,,,,,,,,,
regtools::english,,multiple regression,,,,,,,,,,,,,,,,,,,
resampledata::FishMercury,chihara & hesterberg p144,one-sample,,,,,,,,,,,,,,,,,,,
dplyr::starwars,,"graphs,dplyr",,,,,,,,,,,,,,,,,,,
isdals::pork,,repeated measures,,,,,,,,,,,,,,,,,,,
MASS::epil,,"two-sample,regression with categorical",,,,,,,,,,,,,,,,,,,
vcd::NonResponse,,logistic regression,,,,,,,,,,,,,,,,,,,
gpk::Filariasistype,,logistic regression,,,,,,,,,,,,,,,,,,,
Sleuth2::ex1713,,principal components,,,,,,,,,,,,,,,,,,,
carData::AMSsurvey,,log-linear,,,,,,,,,,,,,,,,,,,
fma::econsumption,,simple regression,,,,,,,,,,,,,,,,,,,
BSDA::Clean,,anova,,,,,,,,,,,,,,,,,,,
agridat::harville.lamb,,two-way anova,,,,,,,,,,,,,,,,,,,
BSDA::Skin,,matched pairs,,,,,,,,,,,,,,,,,,,
MASS::UScereal,,"principal components, discriminant",,,,,,,,,,,,,,,,,,,
KMsurv::btrial,,survival,,,,,,,,,,,,,,,,,,,
openintro::exclusive_relationship,,one-sample,,,,,,,,,,,,,,,,,,,
Devore7::xmp01.17,p 36,one-sample,,,,,,,,,,,,,,,,,,,
Devore7::ex01.37,p 30,one-sample,,,,,,,,,,,,,,,,,,,
Stat2Data::PKU,,two-way anova,,,,,,,,,,,,,,,,,,,
Lock5Data::OttawaSenators2010,,simple regression,,,,,,,,,,,,,,,,,,,
Devore7::ex09.76,p 366,two-sample,,,,,,,,,,,,,,,,,,,
ACSWR::Mucociliary,,anova,,,,,,,,,,,,,,,,,,,
mclust::banknote,,cluster,,,,,,,,,,,,,,,,,,,
CatDataAnalysis::exercise_5.3,agresti p 198,logistic regression,,,,,,,,,,,,,,,,,,,
openintro::salinity,,anova,,,,,,,,,,,,,,,,,,,
resampledata::Phillies2009,chihara p 357,logistic regression,,,,,,,,,,,,,,,,,,,
survival::lung,used in pasias,survival,,,,,,,,,,,,,,,,,,,
Stat2Data::IQGuessing,,multiple regression,,,,,,,,,,,,,,,,,,,
DAAG::tinting,,"MANOVA, principal components",,,,,,,,,,,,,,,,,,,
msos::cars,,principal components,,,,,,,,,,,,,,,,,,,
KMsurv::kidtran,,survival,,,,,,,,,,,,,,,,,,,
Stat2Data::Pedometer,,"graphs,dplyr,regression,two-sample",,,,,,,,,,,,,,,,,,,
DAAG::milk,,"matched pairs, simple regression",,,,,,,,,,,,,,,,,,,
BSDA::Schizoph,,one-sample,,,,,,,,,,,,,,,,,,,
agridat::nass.soybean,,"regression with categorical, simple regression, graphs",,,,,,,,,,,,,,,,,,,
Devore7::xmp12.13,p 479,simple regression,,,,,,,,,,,,,,,,,,,
survival::diabetic,,survival,,,,,,,,,,,,,,,,,,,
ISwR::fake.trypsin,,"simple regression,anova",,,,,,,,,,,,,,,,,,,
Lock5Data::WaterStriders,,regression with categorical,,,,,,,,,,,,,,,,,,,
tseries::tcmd,,time series,,,,,,,,,,,,,,,,,,,
AER::ProgramEffectiveness,,regression with categorical,,,,,,,,,,,,,,,,,,,
multcomp::detergent,,two-way anova,,,,,,,,,,,,,,,,,,,
MASS::wtloss,,simple regression,,,,,,,,,,,,,,,,,,,
cluster::flower,,cluster,,,,,,,,,,,,,,,,,,,
Lock5Data::April14Temps2e,,matched pairs,,,,,,,,,,,,,,,,,,,
PMCMRplus::trout,,anova,,,,,,,,,,,,,,,,,,,
boot::aml,,survival,,,,,,,,,,,,,,,,,,,
loo::Kline,,multiple regression,,,,,,,,,,,,,,,,,,,
MASS::mammals,,simple regression,,,,,,,,,,,,,,,,,,,
MASS::Sitka,,repeated measures,,,,,,,,,,,,,,,,,,,
survey::fpc,,sampling,,,,,,,,,,,,,,,,,,,
fda::growth,,graphs,,,,,,,,,,,,,,,,,,,
drc::lepidium,,anova,,,,,,,,,,,,,,,,,,,
BSDA::Books,,simple regression,,,,,,,,,,,,,,,,,,,
DAAG::monica,,logistic regression,,,,,,,,,,,,,,,,,,,
rethinking::Laffer,,simple regression,,,,,,,,,,,,,,,,,,,
locfit::border,,survival,,,,,,,,,,,,,,,,,,,
ks::grevillea,,"spatial, maps",,,,,,,,,,,,,,,,,,,
rethinking::Boxes,,logistic multinomial,,,,,,,,,,,,,,,,,,,
SenSrivastava::E3.4,"Sen p 69 (exhibit 3.4, compare exhibit 3.5)",simple regression,,,,,,,,,,,,,,,,,,,
isdals::alligator,,logistic multinomial,,,,,,,,,,,,,,,,,,,
maxstat::treepipit,,simple regression,,,,,,,,,,,,,,,,,,,
urca::npext,,time series,,,,,,,,,,,,,,,,,,,
DAAG::Lottario,,chi-squared,,,,,,,,,,,,,,,,,,,
robustbase::possum.mat (possumDiv),,multiple regression,,,,,,,,,,,,,,,,,,,
carData::Leinhardt,,regression with categorical,,,,,,,,,,,,,,,,,,,
AER::Grunfeld,,multiple regression,,,,,,,,,,,,,,,,,,,
rrcov::diabetes,,"logistic regression,discriminant, cluster",,,,,,,,,,,,,,,,,,,
isdals::vitamina,,"principal components,regression",,,,,,,,,,,,,,,,,,,
survey::apipop (api),,"sampling,dplyr",,,,,,,,,,,,,,,,,,,
robustbase::coleman,,"sampling,multiple regression,dplyr",,,,,,,,,,,,,,,,,,,
openintro::speed_gender_height,,regression with categorical,,,,,,,,,,,,,,,,,,,
faraway::chmiss,faraway p 147,"multiple regression, missing values",,,,,,,,,,,,,,,,,,,
resampledata::ILBoys,chihara & hesterberg p 419,anova,,,,,,,,,,,,,,,,,,,
fma::copper2,,time series,,,,,,,,,,,,,,,,,,,
openintro::credits,,one-sample,,,,,,,,,,,,,,,,,,,
openintro::student_housing,,one-sample,,,,,,,,,,,,,,,,,,,
BSDA::Shuttle,,simple regression,,,,,,,,,,,,,,,,,,,
Stat2Data::WalkingBabies,,anova,,,,,,,,,,,,,,,,,,,
ks::tempb,,"graphs, time series",,,,,,,,,,,,,,,,,,,
HistData::Snow.streets,,spatial,,,,,,,,,,,,,,,,,,,
TeachingDemos::ldsgrowth,,"graphs,dplyr",,,,,,,,,,,,,,,,,,,
Sleuth3::ex2011,,logistic regression,,,,,,,,,,,,,,,,,,,
geoR::hoef,,spatial,,,,,,,,,,,,,,,,,,,
BSDA::Homes,,matched pairs,,,,,,,,,,,,,,,,,,,
gclus::wine,,discriminant,,,,,,,,,,,,,,,,,,,
MPV::p13.5,,logistic regression,,,,,,,,,,,,,,,,,,,
Sleuth3::ex1417,ramsey & schaefer p 446,factorial anova,,,,,,,,,,,,,,,,,,,
rpart::car90,,"graphs,dplyr,principal components",,,,,,,,,,,,,,,,,,,
BayesDA::light,,one-sample,,,,,,,,,,,,,,,,,,,
Devore7::xmp11.06,devore p 406,randomized block,,,,,,,,,,,,,,,,,,,
resampledata::Skating2010,chihara p 318,simple regression,,,,,,,,,,,,,,,,,,,
locfit::morths,,mortality,,,,,,,,,,,,,,,,,,,
Rlab::drill,,ancova,,,,,,,,,,,,,,,,,,,
isdals::elisa,,ancova,,,,,,,,,,,,,,,,,,,
faraway::resceram,,two-way anova,,,,,,,,,,,,,,,,,,,
agridat::igue.sugarcane.uniformity,,two-way anova,,,,,,,,,,,,,,,,,,,
spatstat.data::nbfires.extra (nbfires),,spatial,,,,,,,,,,,,,,,,,,,
BSDA::Income,,one-sample,,,,,,,,,,,,,,,,,,,
Devore7::xmp12.06,devore p 459,simple regression,,,,,,,,,,,,,,,,,,,
openintro::cpr,,"chi-squared,logistic regression",,,,,,,,,,,,,,,,,,,
sp::meuse.area,,spatial,,,,,,,,,,,,,,,,,,,
Devore7::ex09.29,devore p 343,two-sample,,,,,,,,,,,,,,,,,,,
Stat2Data::Wrinkle,,two-way anova,,,,,,,,,,,,,,,,,,,
tseries::rs (USeconomic),,time series,,,,,,,,,,,,,,,,,,,
Sleuth3::ex1611,ramsey & schaefer p 509,multiple regression,,,,,,,,,,,,,,,,,,,
metadat::dat.linde2015,,meta-analysis,,,,,,,,,,,,,,,,,,,
HH::spindle,heiberger & holland p 476,two-way anova,,,,,,,,,,,,,,,,,,,
sampling::rec99,,"sampling, dplyr",,,,,,,,,,,,,,,,,,,
GLMsData::flowers,,"ancova,glm",,,,,,,,,,,,,,,,,,,
stevedata::ukg_eeri,,time series,,,,,,,,,,,,,,,,,,,
resampledata::Nasdaq,chihara p 285,one-sample,,,,,,,,,,,,,,,,,,,
fda::refinery,,simple regression,,,,,,,,,,,,,,,,,,,
PASWR2::URLADDRESS,,simple regression,,,,,,,,,,,,,,,,,,,
metadat::dat.woods2010,,meta-analysis,,,,,,,,,,,,,,,,,,,
gt::towny,,"graphs,dplyr",,,,,,,,,,,,,,,,,,,
Devore7::ex09.37,devore p 351,matched pairs,,,,,,,,,,,,,,,,,,,
Devore7::ex13.09c,devore p 507,simple regression,,,,,,,,,,,,,,,,,,,
Stat2Data::Kershaw,,"graphs,dplyr",,,,,,,,,,,,,,,,,,,
boot::city,,simple regression,,,,,,,,,,,,,,,,,,,
Stat2Data::Rectangles,,multiple regression,,,,,,,,,,,,,,,,,,,
vcdExtra::Burt,,log-linear,,,,,,,,,,,,,,,,,,,
GLMsData::toothbrush,,"matched pairs, two-way anova",,,,,,,,,,,,,,,,,,,
openintro::gradestv,,simple regression,,,,,,,,,,,,,,,,,,,
PairedData::Datalcoholic,dataframe of datasets,matched pairs,,,,,,,,,,,,,,,,,,,
BSDA::Tv,,simple regression,,,,,,,,,,,,,,,,,,,
spuRs::ufc,,"simple regression, regression with categorical,ancova",,,,,,,,,,,,,,,,,,,
rethinking::Primates301,,"principal components,cluster,multiple regression",,,,,,,,,,,,,,,,,,,
HH::selfexam,heiberger & holland p 573,chi-square,,,,,,,,,,,,,,,,,,,
vcdExtra::Toxaemia,,log-linear,,,,,,,,,,,,,,,,,,,
BSDA::Archaeo,"look up ""ceramic phase""",graphs,,,,,,,,,,,,,,,,,,,
BSDA::Pearson,,simple regression,,,,,,,,,,,,,,,,,,,
datasets::VADeaths,,two-way anova,,,,,,,,,,,,,,,,,,,
BaM::SITE (adam.jags),,"chi-squared,log-linear",,,,,,,,,,,,,,,,,,,
isdals::hormone,,ancova,,,,,,,,,,,,,,,,,,,
Stat2Data::Leafhoppers,,anova,,,,,,,,,,,,,,,,,,,
HH::sickle,p 190,anova,,,,,,,,,,,,,,,,,,,
fds::tempairport,,time series,,,,,,,,,,,,,,,,,,,
fma::ozone,,simple regression,,,,,,,,,,,,,,,,,,,
locfit::insect,,logistic regression,,,,,,,,,,,,,,,,,,,
BSDA::Coins,,"one-sample, normal quantile",,,,,,,,,,,,,,,,,,,
TH.data::bodyfat,,multiple regression,,,,,,,,,,,,,,,,,,,
agridat::pacheco.soybean,,two-way anova,,,,,,,,,,,,,,,,,,,
metadat::dat.hasselblad1998,,meta-analysis,,,,,,,,,,,,,,,,,,,
kernlab::income,,"sampling,dplyr,log-linear",,,,,,,,,,,,,,,,,,,
mosaicData::Births78,,anova,,,,,,,,,,,,,,,,,,,
PASWR2::COWS,,two-way anova,,,,,,,,,,,,,,,,,,,
vcd::JointSports,,log-linear,,,,,,,,,,,,,,,,,,,
GLMsData::mandible,,simple regression,,,,,,,,,,,,,,,,,,,
Lock5Data::AllCountries1e,,"principal components, graphs,dplyr",,,,,,,,,,,,,,,,,,,
UsingR::midsize,,graphs,,,,,,,,,,,,,,,,,,,
Devore7::xmp10.05,devore p 381,anova,,,,,,,,,,,,,,,,,,,
cluster.datasets::us.south.demographics.1965,,cluster,,,,,,,,,,,,,,,,,,,
UsingR::student.expenses,,"chi-squared, graphs",,,,,,,,,,,,,,,,,,,
mapdata::worldHiresMapEnv,,"maps, spatial",,,,,,,,,,,,,,,,,,,
mistat::VENDOR,,anova,,,,,,,,,,,,,,,,,,,
agridat::gauch.soy,,factorial anova,,,,,,,,,,,,,,,,,,,
GLMsData::gpsleep,,simple regression,,,,,,,,,,,,,,,,,,,
rethinking::Kline2,,"maps, anova, dplyr",,,,,,,,,,,,,,,,,,,
agridat::burgueno.rowcol,,factorial anova,,,,,,,,,,,,,,,,,,,
DAAG::elastic2,,simple regression,,,,,,,,,,,,,,,,,,,
openintro::stent365,,chi-squared,,,,,,,,,,,,,,,,,,,
agridat::mercer.mangold.uniformity,,"manova, anova",,,,,,,,,,,,,,,,,,,
Rlab::plot.ex,,internal,,,,,,,,,,,,,,,,,,,
GLMsData::yieldden,,ancova,,,,,,,,,,,,,,,,,,,
psych::Schmid,,factor analysis with correlation matrix,,,,,,,,,,,,,,,,,,,
BSDA::Airline,,simple regression,,,,,,,,,,,,,,,,,,,
survey::nhanes,,sampling,,,,,,,,,,,,,,,,,,,
Devore7::ex12.01,devore p 453,simple regression,,,,,,,,,,,,,,,,,,,
fma::oilprice,,time series,,,,,,,,,,,,,,,,,,,
sets::fuzzy_docs,,text analysis,,,,,,,,,,,,,,,,,,,
EngrExpt::weight,,one-sample,,,,,,,,,,,,,,,,,,,
heplots::Pottery2,,"manova, discrim",,,,,,,,,,,,,,,,,,,
Devore7::xmp01.01,devore p 4,one-sample,,,,,,,,,,,,,,,,,,,
latticeExtra::biocAccess,,"graphs, poisson regression",,,,,,,,,,,,,,,,,,,
faraway::diabetes,,multiple regression,,,,,,,,,,,,,,,,,,,
Devore7::ex01.24,devore p 23,one-sample,,,,,,,,,,,,,,,,,,,
Stat2Data::KeyWestWater,,"time series, date and time",,,,,,,,,,,,,,,,,,,
isdals::binding,,anova,,,,,,,,,,,,,,,,,,,
HistData::Minard.troops,,maps,,,,,,,,,,,,,,,,,,,
rrcov::octane,,repeated measures,,,,,,,,,,,,,,,,,,,
MASS::bacteria,,log-linear,,,,,,,,,,,,,,,,,,,
Devore7::ex13.06,devore p 506,simple regression,,,,,,,,,,,,,,,,,,,
psych::Harman.Burt (Harman),,factor analysis with correlation matrix,,,,,,,,,,,,,,,,,,,
faraway::turtle,,logistic regression,,,,,,,,,,,,,,,,,,,
tidytext::sentiments,,text analysis,,,,,,,,,,,,,,,,,,,
Lock5Data::NBAPlayers2015,,"dplyr, discriminant",,,,,,,,,,,,,,,,,,,
metadat::dat.linde2016,,meta-analysis,,,,,,,,,,,,,,,,,,,
BSDA::Aptitude,,simple regression,,,,,,,,,,,,,,,,,,,
resampledata::Service,chihara p 182,"one-sample, likelihood",,,,,,,,,,,,,,,,,,,
resampledata::Skateboard,chihara p 120,two-sample,,,,,,,,,,,,,,,,,,,
fma::qelec,,time series,,,,,,,,,,,,,,,,,,,
ISwR::bp.obese,,ancova,,,,,,,,,,,,,,,,,,,
np::wage1,,multiple regression,,,,,,,,,,,,,,,,,,,
Ecdat::nonEnglishNames,,text analysis,,,,,,,,,,,,,,,,,,,
Devore7::xmp13.11,devore p 531,multiple regression,,,,,,,,,,,,,,,,,,,
AER::CollegeDistance,,multiple regression,,,,,,,,,,,,,,,,,,,
BaM::SEX (adam.jags),,"logistic regression, sampling",,,,,,,,,,,,,,,,,,,
Lock5Data::RockandRoll2015,,"proportions, one-sample, dplyr",,,,,,,,,,,,,,,,,,,
boot::aircondit7,,"one-sample, bootstrap",,,,,,,,,,,,,,,,,,,
carData::Ginzberg,,multiple regression,,,,,,,,,,,,,,,,,,,
EngrExpt::whitearea,,two-sample,,,,,,,,,,,,,,,,,,,
spatstat.data::redwoodfull,,spatial,,,,,,,,,,,,,,,,,,,
asbio::prostate,,"multiple regression, ordered logistic",,,,,,,,,,,,,,,,,,,
moderndive::pennies_sample,,one-sample,,,,,,,,,,,,,,,,,,,
gpk::OralCancer,,"log-linear, logistic regression",,,,,,,,,,,,,,,,,,,
EngrExpt::fbuild,,simple regression,,,,,,,,,,,,,,,,,,,
Lock5Data::MarriageAges,,simple regression,,,,,,,,,,,,,,,,,,,
cluster.datasets::sample.us.city.crime.1970,,cluster analysis,,,,,,,,,,,,,,,,,,,
Ecdat::SP500,,time series,,,,,,,,,,,,,,,,,,,
cluster.datasets::indian.caste.measures,,factor analysis,,,,,,,,,,,,,,,,,,,
tidyr::table3,,tidying,,,,,,,,,,,,,,,,,,,
GLMsData::phosphorus,,multiple regression,,,,,,,,,,,,,,,,,,,
openintro::lizard_habitat,,"multinomial logistic, chi-squared",,,,,,,,,,,,,,,,,,,
metadat::dat.ishak2007,,meta-analysis,,,,,,,,,,,,,,,,,,,
SMPracticals::nematode,davison p 294,"see paper referenced in help file, stochastic processes",,,,,,,,,,,,,,,,,,,
datasets::WorldPhones,,graphs,,,,,,,,,,,,,,,,,,,
gpk::hundredmrun,,"time series, autoregression",,,,,,,,,,,,,,,,,,,
fields::CO.tmin (COmonthlyMet),,spatial,,,,,,,,,,,,,,,,,,,
tidyr::relig_income,,"chi-squared, tidying",,,,,,,,,,,,,,,,,,,
asbio::Glucose2,,repeated measures,,,,,,,,,,,,,,,,,,,
HH::wheat,heiberger p 536,split-plot design,,,,,,,,,,,,,,,,,,,
MindOnStats::HumTemp,utts,simple regression,,,,,,,,,,,,,,,,,,,
moderndive::evals,,"multiple regression, ordered logistic",,,,,,,,,,,,,,,,,,,
DAAG::worldRecords,,ancova,,,,,,,,,,,,,,,,,,,
BSDA::Ferraro1,,chi-squared,,,,,,,,,,,,,,,,,,,
SMPracticals::yahoo,,time series,,,,,,,,,,,,,,,,,,,
heplots::SocGrades,,manova,,,,,,,,,,,,,,,,,,,
Devore7::ex15.25,devore p 621,"anova, mood median",,,,,,,,,,,,,,,,,,,
CatDataAnalysis::table_13.2,agresti p 499,random effects,,,,,,,,,,,,,,,,,,,
Devore7::ex11.31,devore p 427,factorial anova,,,,,,,,,,,,,,,,,,,
datasets::crimtab,,simple regression,,,,,,,,,,,,,,,,,,,
AER::SIC33,,multiple regression,,,,,,,,,,,,,,,,,,,
geojsonsf::geo_melbourne,,spatial,,,,,,,,,,,,,,,,,,,
waveslim::doppler,,wavelets,,,,,,,,,,,,,,,,,,,
vcd::Hospital,,chi-squared,,,,,,,,,,,,,,,,,,,
carData::OBrienKaiserLong,,repeated measures,,,,,,,,,,,,,,,,,,,
emmeans::auto.noise (autonoise),,factorial anova,,,,,,,,,,,,,,,,,,,
Ecdat::Grunfeld,,"economics, time series",,,,,,,,,,,,,,,,,,,
Rlab::points.ex,,internal dataset,,,,,,,,,,,,,,,,,,,
UsingR::crime,,matched pairs,,,,,,,,,,,,,,,,,,,
moderndive::amazon_books,,"graphs, summaries, dplyr",,,,,,,,,,,,,,,,,,,
robustbase::starsCYG,,simple regression,,,,,,,,,,,,,,,,,,,
BSDA::Leader,,simple regression,,,,,,,,,,,,,,,,,,,
Devore7::ex13.69,Devore p 564,simple regression,,,,,,,,,,,,,,,,,,,
SemiPar::lidar,,simple regression,,,,,,,,,,,,,,,,,,,
ISwR::intake,,matched pairs,,,,,,,,,,,,,,,,,,,
KMsurv::twins,,survival,,,,,,,,,,,,,,,,,,,
Lock5Data::HomesForSaleCanton2e,,one-sample,,,,,,,,,,,,,,,,,,,
Sleuth2::case1701,,factorial anova,,,,,,,,,,,,,,,,,,,
nutshell::top.bacon.searching.cities,,maps,,,,,,,,,,,,,,,,,,,
agridat::snijders.fusarium,,factorial anova,,,,,,,,,,,,,,,,,,,
Devore7::ex11.57,devore p 444,factorial anova,,,,,,,,,,,,,,,,,,,
stevedata::LTPT,,"time series, graphs",,,,,,,,,,,,,,,,,,,
BaM::texas,,logistic regression,,,,,,,,,,,,,,,,,,,
nlme::Alfalfa,,split-plot design,,,,,,,,,,,,,,,,,,,
agridat::moore.fallcauliflower.uniformity,,two-way anova,,,,,,,,,,,,,,,,,,,
mice::boys,,"dplyr, graphs, multiple regression",,,,,,,,,,,,,,,,,,,
Sleuth3::ex1419,,repeated measures,,,,,,,,,,,,,,,,,,,
BSDA::Randd,,simple regression,,,,,,,,,,,,,,,,,,,
Ecdat::Tbrate,,"time series, economics",,,,,,,,,,,,,,,,,,,
GLMsData::cyclones,,logistic regression,,,,,,,,,,,,,,,,,,,
agridat::kenward.cattle,,repeated measures,,,,,,,,,,,,,,,,,,,
isdals::paperstr,,simple regression,,,,,,,,,,,,,,,,,,,
MindOnStats::Reflexes,utts,multiple regression?,,,,,,,,,,,,,,,,,,,
mclust::ex4.4.2 (Baudry_etal_2010_JCGS_examples),,cluster,,,,,,,,,,,,,,,,,,,
SenSrivastava::E1.1,,simple regression,,,,,,,,,,,,,,,,,,,
UsingR::coldvermont,,time series,,,,,,,,,,,,,,,,,,,
robustbase::possumDiv,,"multiple regression, poisson regression",,,,,,,,,,,,,,,,,,,
KMsurv::bmt,,survival,,,,,,,,,,,,,,,,,,,
rpart::solder,,factorial anova,,,,,,,,,,,,,,,,,,,
Lock5Data::HollywoodMovies,,"multiple regression, dplyr, graphs",,,,,,,,,,,,,,,,,,,
ISwR::cystfibr,,"manova, multiple regression",,,,,,,,,,,,,,,,,,,
MASS::accdeaths,,time series,,,,,,,,,,,,,,,,,,,
AER::USProdIndex,,time series,,,,,,,,,,,,,,,,,,,
aplore3::glow500,,logistic regression,,,,,,,,,,,,,,,,,,,
AER::Municipalities,,multiple regression,,,,,,,,,,,,,,,,,,,
DAAG::mifem,,logistic regression,,,,,,,,,,,,,,,,,,,
rainbow::ElNino_ERSST_region_3and4,,spatial,,,,,,,,,,,,,,,,,,,
Lock5Data::RetailSales,,"time series, dates and times",,,,,,,,,,,,,,,,,,,
Lock5Data::SplitBill,,multiple regression,,,,,,,,,,,,,,,,,,,
openintro::climber_drugs,,dplyr,,,,,,,,,,,,,,,,,,,
openintro::husbands_wives,,simple regression,,,,,,,,,,,,,,,,,,,
Lock5Data::Benford,,"Benford's law, chi-square",,,,,,,,,,,,,,,,,,,
Stat2Data::Kids198,,"dplyr, summaries, graphs",,,,,,,,,,,,,,,,,,,
spatstat.data::ponderosa.extra (ponderosa),,spatial,,,,,,,,,,,,,,,,,,,
rrcov::fruit,,"principal components, discriminant",,,,,,,,,,,,,,,,,,,
DAAG::vince111b,andrews herzberg,?,,,,,,,,,,,,,,,,,,,
Stat2Data::CrackerFiber,,repeated measures,,,,,,,,,,,,,,,,,,,
fds::victotal,,time series,,,,,,,,,,,,,,,,,,,
s2::s2_data_tbl_countries,,"spatial, maps",,,,,,,,,,,,,,,,,,,
fds::wednesdaytempairport,,time series,,,,,,,,,,,,,,,,,,,
BSDA::Freshman,,one-sample,,,,,,,,,,,,,,,,,,,
interp::circtest,,?,,,,,,,,,,,,,,,,,,,
faraway::toenail,,repeated measures categorical,,,,,,,,,,,,,,,,,,,
Lock5Data::SynchronizedMovement,,multiple regression,,,,,,,,,,,,,,,,,,,
SenSrivastava::E3.5,,?,,,,,,,,,,,,,,,,,,,
pbkrtest::beets,,random effects,,,,,,,,,,,,,,,,,,,
BSDA::Depend,,one-sample,,,,,,,,,,,,,,,,,,,
Lock5Data::HomesForSaleCA,,multiple regression,,,,,,,,,,,,,,,,,,,
lmtest::gmdc,,"time series, economics",,,,,,,,,,,,,,,,,,,
survival::mgus2 (cancer),,survival,,,,,,,,,,,,,,,,,,,
Rfit::bbsalaries,,multiple regression,,,,,,,,,,,,,,,,,,,
HistData::Langren1644,,one-sample,,,,,,,,,,,,,,,,,,,
openintro::ball_bearing,,one-sample,,,,,,,,,,,,,,,,,,,
BSDA::Median,,mood median test,,,,,,,,,,,,,,,,,,,
gmp::Oakley1,,internal,,,,,,,,,,,,,,,,,,,
UsingR::carbon,,anova,,,,,,,,,,,,,,,,,,,
tseries::gnp.nom (NelPlo),,"time series, economics",,,,,,,,,,,,,,,,,,,
BSDA::Spelling,used,matched pairs,,,,,,,,,,,,,,,,,,,
Rfit::logGFscores,,?,,,,,,,,,,,,,,,,,,,
isdals::soybean,,matched pairs,,,,,,,,,,,,,,,,,,,
lavaan::HolzingerSwineford1939,,"principal components, factor analysis",,,,,,,,,,,,,,,,,,,
cluster.datasets::cake.ingredients.1961,,"clustering, principal components",,,,,,,,,,,,,,,,,,,
AER::PSID1976,,multiple regression,,,,,,,,,,,,,,,,,,,
UsingR::nba.draft,,"simple regression, graphs",,,,,,,,,,,,,,,,,,,
BSDA::Indy500,,"simple regression, two-sample",,,,,,,,,,,,,,,,,,,
DAAG::ozone,,time series,,,,,,,,,,,,,,,,,,,
rethinking::WaffleDivorce,,multiple regression,,,,,,,,,,,,,,,,,,,
robustbase::heart,,multiple regression,,,,,,,,,,,,,,,,,,,
Devore7::xmp01.15,devore p 33,one-sample,,,,,,,,,,,,,,,,,,,
agridat::gomez.stripsplitplot,,factorial anova,,,,,,,,,,,,,,,,,,,
DAAG::rockArt,,"clustering, scaling",,,,,,,,,,,,,,,,,,,
ISwR::tb.dilute,,repeated measures,,,,,,,,,,,,,,,,,,,
Rfit::quail,,mood median test,,,,,,,,,,,,,,,,,,,
agridat::piepho.cocksfoot,,"two-way anova, mixed model",,,,,,,,,,,,,,,,,,,
nutshell::shiller.other.data (shiller),,time series,,,,,,,,,,,,,,,,,,,
openintro::ames,,multiple regression,,,,,,,,,,,,,,,,,,,
openintro::fastfood,,principal components,,,,,,,,,,,,,,,,,,,
msos::states,,"principal components, clustering",,,,,,,,,,,,,,,,,,,
SMPracticals::rat.growth,,"graphs, repeated measures",,,,,,,,,,,,,,,,,,,
openintro::mammals,,multiple regression,,,,,,,,,,,,,,,,,,,
SMPracticals::shuttle,,logistic regression,,,,,,,,,,,,,,,,,,,
tseries::gnp.def (NelPlo),,"economics, time series",,,,,,,,,,,,,,,,,,,
UsingR::Medicare,,"dplyr, graphs",,,,,,,,,,,,,,,,,,,
sandwich::InstInnovation,,economics,,,,,,,,,,,,,,,,,,,
Devore7::ex13.68,devore p 563,simple regression,,,,,,,,,,,,,,,,,,,
Devore7::ex12.73,p. 495,simple regression,,,,,,,,,,,,,,,,,,,
DAAG::fruitohms,,simple regression,,,,,,,,,,,,,,,,,,,
openintro::supreme_court,,inference for proportions,,,,,,,,,,,,,,,,,,,
Sleuth3::ex0331,,two-sample,,,,,,,,,,,,,,,,,,,
rpart::car.test.frame,,multiple regression,,,,,,,,,,,,,,,,,,,
lmtest::ftemp,,"time series, graphs",,,,,,,,,,,,,,,,,,,
BaM::num.chld (baldus.jags),,logistic regression,,,,,,,,,,,,,,,,,,,
HSAUR2::respiratory,,logistic regression,,,,,,,,,,,,,,,,,,,
Ecdat::RetSchool,,"economics, time series, panel data",,,,,,,,,,,,,,,,,,,
waveslim::xbox,,wavelets,,,,,,,,,,,,,,,,,,,
Devore7::ex09.23,p. 341,"two-sample, normal quantile",,,,,,,,,,,,,,,,,,,
ggplot2::txhousing,,multiple regression,,,,,,,,,,,,,,,,,,,
stevedata::Arca,,time series,,,,,,,,,,,,,,,,,,,
metadat::dat.crede2010,,meta-analysis,,,,,,,,,,,,,,,,,,,
Devore7::xmp13.04,devore p 511,simple regression with transformation,,,,,,,,,,,,,,,,,,,
Devore7::ex13.09a,devore p 507,simple regression,,,,,,,,,,,,,,,,,,,
Devore7::ex11.02,devore p 408,randomized block,,,,,,,,,,,,,,,,,,,
pscl::bioChemists,,"multiple regression, poisson regression",,,,,,,,,,,,,,,,,,,
Stat2Data::FinalFourLong17,,logistic regression,,,,,,,,,,,,,,,,,,,
ggplot2::diamonds,,"multiple regression, graphs",,,,,,,,,,,,,,,,,,,
spData::trMat (house),,"multiple regression, spatial",,,,,,,,,,,,,,,,,,,
exactRankTests::glioma,,survival,,,,,,,,,,,,,,,,,,,
TH.data::birds,,multiple regression,,,,,,,,,,,,,,,,,,,
BSDA::Social,,one-sample,,,,,,,,,,,,,,,,,,,
rethinking::birth2 (homeworkch3),,?,,,,,,,,,,,,,,,,,,,
Devore7::xmp10.08,devore p 390,anova,,,,,,,,,,,,,,,,,,,
Devore7::ex09.86,devore p 367,matched pairs,,,,,,,,,,,,,,,,,,,
Stat2Data::GrinnellHouses,,multiple regression,,,,,,,,,,,,,,,,,,,
BSDA::Manager,,one-sample,,,,,,,,,,,,,,,,,,,
Lock5Data::HotDogs1e,,"one-sample, two-sample, time series",,,,,,,,,,,,,,,,,,,
DAAG::two65,,matched pairs,,,,,,,,,,,,,,,,,,,
cluster.datasets::wine.evaluation.1961.1970,,cluster,,,,,,,,,,,,,,,,,,,
Stat2Data::Caterpillars,,ordered logistic,,,,,,,,,,,,,,,,,,,
openintro::housing,,one-sample,,,,,,,,,,,,,,,,,,,
HistData::Langren.all,,"graphs, one-sample",,,,,,,,,,,,,,,,,,,
BSDA::Anesthet,,one-sample,,,,,,,,,,,,,,,,,,,
Devore7::ex15.27,devore p 622,repeated measures,,,,,,,,,,,,,,,,,,,
BSDA::Undergrad,,"multiple regression, dplyr, graphs",,,,,,,,,,,,,,,,,,,
BSDA::Miller,,one-sample,,,,,,,,,,,,,,,,,,,
Devore7::ex13.25,devore p 518,logistic regression,,,,,,,,,,,,,,,,,,,
rethinking::Moralizing_gods,,logistic regression,,,,,,,,,,,,,,,,,,,
robustbase::wagnerGrowth,,multiple regression,,,,,,,,,,,,,,,,,,,
BSDA::Degree,,"graphs, chi-square",,,,,,,,,,,,,,,,,,,
isdals::jellyfish,,"two-sample, MANOVA, discriminant",,,,,,,,,,,,,,,,,,,
spatstat.data::chorley,,"spatial, graphs",,,,,,,,,,,,,,,,,,,
Devore7::ex01.65,devore p 42,graphs (by hand),,,,,,,,,,,,,,,,,,,
datasets::iris,,"anova, MANOVA, discriminant",,,,,,,,,,,,,,,,,,,
Devore7::ex08.68,devore p 322,one-sample,,,,,,,,,,,,,,,,,,,
urca::nporg,,"economics, time series",,,,,,,,,,,,,,,,,,,
vcd::HorseKicks,,chi-squared fit,,,,,,,,,,,,,,,,,,,
datasets::discoveries,,time series,,,,,,,,,,,,,,,,,,,
datasets::Indometh,,"pharmacokinetics, simple regression",,,,,,,,,,,,,,,,,,,
openintro::ipo,,text analysis,,,,,,,,,,,,,,,,,,,
Stat2Data::VisualVerbal,,two-way anova,,,,,,,,,,,,,,,,,,,
reshape2::smiths,,internal,,,,,,,,,,,,,,,,,,,
BSDA::Wins,,multiple regression,,,,,,,,,,,,,,,,,,,
carData::GSSvocab,,"factorial anova, multiple regression",,,,,,,,,,,,,,,,,,,
spData::properties,,"spatial, multiple regression",,,,,,,,,,,,,,,,,,,
robustbase::carrots,,logistic regression (grouped),,,,,,,,,,,,,,,,,,,
faraway::bliss,,logistic regression (grouped),,,,,,,,,,,,,,,,,,,
BSDA::Bus,,chi-squared,,,,,,,,,,,,,,,,,,,
BSDA::Mental,,"sign test, one-sample",,,,,,,,,,,,,,,,,,,
BSDA::Shkdrug,,"anova, two-way anova",,,,,,,,,,,,,,,,,,,
faraway::eyegrade,,"chi-squared, graphs",,,,,,,,,,,,,,,,,,,
survival::myeloma (cancer),,survival,,,,,,,,,,,,,,,,,,,
MLGdata::Heart,used,logistic regression (grouped),,,,,,,,,,,,,,,,,,,
openintro::gov_poll,,"chi-squared, graphs",,,,,,,,,,,,,,,,,,,
KMsurv::bfeed,,survival,,,,,,,,,,,,,,,,,,,
mclust::ex4.1 (Baudry_etal_2010_JCGS_examples),,clustering k-means,,,,,,,,,,,,,,,,,,,
Devore7::xmp01.10,"devore p 18, used","one-sample, sign test",,,,,,,,,,,,,,,,,,,
DAAG::elastic1,,simple regression,,,,,,,,,,,,,,,,,,,
Stat2Data::GlowWorms,used,simple regression,,,,,,,,,,,,,,,,,,,
PairedData::Meat,,matched pairs,,,,,,,,,,,,,,,,,,,
UsingR::tempsalinity,,"time series, spatial",,,,,,,,,,,,,,,,,,,
fds::tasmale,,time series,,,,,,,,,,,,,,,,,,,
UsingR::fat,,multiple regression,,,,,,,,,,,,,,,,,,,
openintro::hsb2,,"discriminant, MANOVA, multiple regression",,,,,,,,,,,,,,,,,,,
MLGdata::Cement,,simple regression,,,,,,,,,,,,,,,,,,,
Stat2Data::ThomasConfirmation,,"chi-squared, logistic regression",,,,,,,,,,,,,,,,,,,
openintro::esi,,principal components,,,,,,,,,,,,,,,,,,,
spData::boston.utm (boston),,"spatial, principal components, cluster",,,,,,,,,,,,,,,,,,,
openintro::burger,,chi-squared,,,,,,,,,,,,,,,,,,,
Devore7::ex11.39,p. 440,3-way anova,,,,,,,,,,,,,,,,,,,
BSDA::Bumpers,,one-sample,,,,,,,,,,,,,,,,,,,
lme4::VerbAgg,,repeated measures,,,,,,,,,,,,,,,,,,,
UsingR::ceo2013,,"one-sample, graphs",,,,,,,,,,,,,,,,,,,
rethinking::Kline,,regression,,,,,,,,,,,,,,,,,,,
faraway::wcgs,,"multiple regression, pca",,,,,,,,,,,,,,,,,,,
lmtest::unemployment,,"multiple regression, time series",,,,,,,,,,,,,,,,,,,
locfit::trimod,,"one-sample, graphs",,,,,,,,,,,,,,,,,,,
fda::day.5 (dateAccessories),,dates,,,,,,,,,,,,,,,,,,,
openintro::nyc_marathon,,"graphs, two-sample",,,,,,,,,,,,,,,,,,,
UsingR::chicken,,anova,,,,,,,,,,,,,,,,,,,
UsingR::snacks,?,"reading files, pca",,,,,,,,,,,,,,,,,,,
Devore7::ex08.83,p. 324,"one-sample, mle, functions, optimize",,,,,,,,,,,,,,,,,,,
cluster.datasets::airline.distances.1966,,"cluster, mds",,,,,,,,,,,,,,,,,,,
faraway::kanga,,"anova, discrim, manova, logistic",,,,,,,,,,,,,,,,,,,
Sleuth3::case1701,,"3-way anova, graphs",,,,,,,,,,,,,,,,,,,
survival::hoel (cancer),,survival,,,,,,,,,,,,,,,,,,,
Devore7::xmp10.03,p 377,anova,,,,,,,,,,,,,,,,,,,
drc::secalonic,,regression,,,,,,,,,,,,,,,,,,,
UsingR::skateranks,,"correlation, pca",,,,,,,,,,,,,,,,,,,
BSDA::Entrance,?,one-sample,,,,,,,,,,,,,,,,,,,
tseries::tcm1yd (tcmd),,time series,,,,,,,,,,,,,,,,,,,
TH.data::wpbc,,survival,,,,,,,,,,,,,,,,,,,
robustbase::hbk,,regression,,,,,,,,,,,,,,,,,,,
UsingR::central.park,,"graphs, pca",,,,,,,,,,,,,,,,,,,
Stat2Data::Faces,used,ordinal logistic regression,,,,,,,,,,,,,,,,,,,
carData::MplsStops,,frequency tables,,,,,,,,,,,,,,,,,,,
faraway::hips,,matched pairs,,,,,,,,,,,,,,,,,,,
UsingR::ozonemonthly,,"time series, two-sample, anova",,,,,,,,,,,,,,,,,,,
cluster.datasets::rda.meat.fish.fowl.1959,,"cluster, pca",,,,,,,,,,,,,,,,,,,
AER::Electricity1970,,"pca, econometrics, multiple regression",,,,,,,,,,,,,,,,,,,
openintro::bac,,simple regression,,,,,,,,,,,,,,,,,,,
datasets::OrchardSprays,,"latin square, 3-way anova",,,,,,,,,,,,,,,,,,,
Sleuth3::case0102,used,2-sample,,,,,,,,,,,,,,,,,,,
Lock5Data::SandwichAnts2,,3-way anova,,,,,,,,,,,,,,,,,,,
fds::vicfemale,,time series,,,,,,,,,,,,,,,,,,,
spData::SplashDams,,spatial,,,,,,,,,,,,,,,,,,,
openintro::mariokart,,multiple regression,,,,,,,,,,,,,,,,,,,
boot::nuclear,,multiple regression,,,,,,,,,,,,,,,,,,,
aplore3::glow_bonemed,,logistic regression,,,,,,,,,,,,,,,,,,,
UsingR::grip,,"repeated measures, graphs",,,,,,,,,,,,,,,,,,,
Devore7::ex13.33,p 527,simple regression,,,,,,,,,,,,,,,,,,,
datasets::WWWusage,,time series,,,,,,,,,,,,,,,,,,,
Stat2Data::MouseBrain,,two-way anova,,,,,,,,,,,,,,,,,,,
Devore7::xmp04.28,p 168,beta distribution,,,,,,,,,,,,,,,,,,,
Devore7::ex10.27,p 394,anova,,,,,,,,,,,,,,,,,,,
HH::fat,p 236,multiple regression,,,,,,,,,,,,,,,,,,,
AER::NYSESW,,time series,,,,,,,,,,,,,,,,,,,
agridat::bachmaier.nitrogen,,two-way anova,,,,,,,,,,,,,,,,,,,
BHH2::tomato.data,,"anova, two-way anova",,,,,,,,,,,,,,,,,,,
survival::stanford2 (heart),,survival,,,,,,,,,,,,,,,,,,,
spatstat.data::simplenet,,spatial,,,,,,,,,,,,,,,,,,,
KMsurv::drug6mp,,survival,,,,,,,,,,,,,,,,,,,
HH::skateslc,p 423,two-way anova,,,,,,,,,,,,,,,,,,,
Devore7::ex09.32,p 343,two-sample,,,,,,,,,,,,,,,,,,,
Sleuth3::case2001,,logistic regression,,,,,,,,,,,,,,,,,,,
drc::heartrate,,simple regression,,,,,,,,,,,,,,,,,,,
Devore7::xmp11.01,p 398,randomized blocks,,,,,,,,,,,,,,,,,,,
Sleuth3::ex1518,,two-sample,,,,,,,,,,,,,,,,,,,
cluster::votes.repub,,cluster analysis,,,,,,,,,,,,,,,,,,,
Rfit::baseball,,"summary, choosing, principal components, factor analysis",,,,,,,,,,,,,,,,,,,
maptools::state.vbm,,spatial,,,,,,,,,,,,,,,,,,,
strucchange::DJIA,,time series,,,,,,,,,,,,,,,,,,,
fda::monthEnd (dateAccessories),,dates,,,,,,,,,,,,,,,,,,,
tseries::USeconomic,,time series,,,,,,,,,,,,,,,,,,,
openintro::solar,,two-sample,,,,,,,,,,,,,,,,,,,
AER::GoldSilver,,time series,,,,,,,,,,,,,,,,,,,
HH::filter,p 472,3-way anova,,,,,,,,,,,,,,,,,,,
isdals::bodyfat,,multiple regression,,,,,,,,,,,,,,,,,,,
spData::afcon,,spatial,,,,,,,,,,,,,,,,,,,
DAAG::carprice,,multiple regression,,,,,,,,,,,,,,,,,,,
SenSrivastava::E4.12,,multiple regression,,,,,,,,,,,,,,,,,,,
msos::births,,principal components,,,,,,,,,,,,,,,,,,,
Devore7::ex01.20,devore p 22,one sample,,,,,,,,,,,,,,,,,,,
agridat::keen.potatodamage,,ordinal logistic,,,,,,,,,,,,,,,,,,,
Sleuth3::ex1028,,multiple regression,,,,,,,,,,,,,,,,,,,
agridat::weiss.incblock,,balanced incomplete block,,,,,,,,,,,,,,,,,,,
UsingR::oral.lesion,,anova,,,,,,,,,,,,,,,,,,,
fds::ntotal,,time series,,,,,,,,,,,,,,,,,,,
kSamples::ShorelineFireEMS,,"anova, manova",,,,,,,,,,,,,,,,,,,
Stat2Data::WalkTheDogs,,"two-sample, anova, two-way anova, summary, graphs",,,,,,,,,,,,,,,,,,,
Stat2Data::FGByDistance,,logistic regression (grouped),,,,,,,,,,,,,,,,,,,
openintro::hfi,,principal components,,,,,,,,,,,,,,,,,,,
BSDA::Indian,,ancova,,,,,,,,,,,,,,,,,,,
Sleuth3::ex2225,,simple regression,,,,,,,,,,,,,,,,,,,
mclust::Test1D (Baudry_etal_2010_JCGS_examples),,cluster,,,,,,,,,,,,,,,,,,,
tseries::tcm,,time series,,,,,,,,,,,,,,,,,,,
Stat2Data::Amyloid,,ordinal logistic,,,,,,,,,,,,,,,,,,,
aprean3::dst033,draper & smith table 3.3 p 95,simple regression,,,,,,,,,,,,,,,,,,,
agridat::crossa.wheat,,two-way anova,,,,,,,,,,,,,,,,,,,
ade4::syndicats,,chi-square,,,,,,,,,,,,,,,,,,,
UsingR::father.son,,simple regression,,,,,,,,,,,,,,,,,,,
MLGdata::Esito,,log-linear,,,,,,,,,,,,,,,,,,,
HH::abrasion,heiberger p 310,multiple regression,,,,,,,,,,,,,,,,,,,
survival::genfan (reliability),,"survival, reliability",,,,,,,,,,,,,,,,,,,
BSDA::Allergy,kitchens ex 8.2,"chi-square, log-linear",,,,,,,,,,,,,,,,,,,
Devore7::ex13.14,devore p 508,simple regression lack of fit,,,,,,,,,,,,,,,,,,,
Lock5Data::BaseballSalaries2019,,anova,,,,,,,,,,,,,,,,,,,
Stat2Data::MathPlacement,,"multiple regression, graphs, summary",,,,,,,,,,,,,,,,,,,
Sleuth3::case1101,,"regression, logistic regression",,,,,,,,,,,,,,,,,,,
Stat2Data::MetroHealth83,,principal components,,,,,,,,,,,,,,,,,,,
boot::survival,,grouped logistic,,,,,,,,,,,,,,,,,,,
Devore7::ex09.88,devore p 368,two sample,,,,,,,,,,,,,,,,,,,
Sleuth3::ex0721,,graphs,,,,,,,,,,,,,,,,,,,
DAAG::nassCDS,,logistic regression,,,,,,,,,,,,,,,,,,,
BSDA::Senior, 1.83 and 3.67,one sample,,,,,,,,,,,,,,,,,,,
HistData::Pyx,,log-linear,,,,,,,,,,,,,,,,,,,
msos::crabs,,"manova, multiple regression, discriminant ",,,,,,,,,,,,,,,,,,,
Devore7::ex10.42,devore p 396,anova,,,,,,,,,,,,,,,,,,,
AER::Fertility2,,log-linear (categorize age),,,,,,,,,,,,,,,,,,,
Lock5Data::HomesForSaleCanton,,multiple regression,,,,,,,,,,,,,,,,,,,
drc::metals,,"ancova, regression with categorical",,,,,,,,,,,,,,,,,,,
HistData::MichelsonSets,,one sample,,,,,,,,,,,,,,,,,,,
spatstat.data::vesicles,,spatial,,,,,,,,,,,,,,,,,,,
Devore7::ex15.01,devore p 306,"one sample, sign test",,,,,,,,,,,,,,,,,,,
drc::selenium,,logistic regression grouped,,,,,,,,,,,,,,,,,,,
Devore7::ex01.29,devore,"categorial, graphs",,,,,,,,,,,,,,,,,,,
carData::Chirot,,multiple regression,,,,,,,,,,,,,,,,,,,
Sleuth3::case1102,,multiple regression,,,,,,,,,,,,,,,,,,,
datasets::freeny,,time series,,,,,,,,,,,,,,,,,,,
pracma::titanium,,simple regression,,,,,,,,,,,,,,,,,,,
MASS::shuttle,,log-linear,,,,,,,,,,,,,,,,,,,
Stat2Data::SugarEthanol,,two-way anova,,,,,,,,,,,,,,,,,,,
agridat::belamkar.augmented,,"factorial experiment, reading, summaries",,,,,,,,,,,,,,,,,,,
agridat::pederson.lettuce.repeated,,"anova, two-way anova",,,,,,,,,,,,,,,,,,,
BSDA::Epaminicompact,,multiple regression,,,,,,,,,,,,,,,,,,,
UsingR::slc,from Kitchens,one sample,,,,,,,,,,,,,,,,,,,
BSDA::Absent,,one sample,,,,,,,,,,,,,,,,,,,
openintro::children_gender_stereo,,regression with categorical,,,,,,,,,,,,,,,,,,,
isdals::herring,,logistic regression,,,,,,,,,,,,,,,,,,,
AER::USMacroSW,,time series,,,,,,,,,,,,,,,,,,,
modelr::sim3,,anova,,,,,,,,,,,,,,,,,,,
HH::energy,heiberger & holland,"multiple regression, regression with categorical",,,,,,,,,,,,,,,,,,,
xts::sample_matrix,,time series,,,,,,,,,,,,,,,,,,,
msos::mouths,,"repeated measures, anova",,,,,,,,,,,,,,,,,,,
PairedData::Anorexia,,matched pairs,,,,,,,,,,,,,,,,,,,
forecast::gold,,time series,,,,,,,,,,,,,,,,,,,
strucchange::RealInt,,time series,,,,,,,,,,,,,,,,,,,
datasets::attenu,,multiple regression,,,,,,,,,,,,,,,,,,,
HH::notch,heiberger p 191,anova,,,,,,,,,,,,,,,,,,,
BSDA::Gym,"kitchens ex 2.21, 9.14","simple regression, regression predictions",,,,,,,,,,,,,,,,,,,
aprean3::dse16a,ex A ch 16 of Draper & Smith p 385,multiple regression,,,,,,,,,,,,,,,,,,,
HH::SFF8121,heiberger,reading file,,,,,,,,,,,,,,,,,,,
faraway::orings,,logistic regression,,,,,,,,,,,,,,,,,,,
GGally::tips,,multiple regression,,,,,,,,,,,,,,,,,,,
HistData::Virginis.interp,,simple regression,,,,,,,,,,,,,,,,,,,
Devore7::ex13.09b,devore p 507,simple regression,,,,,,,,,,,,,,,,,,,
drc::ryegrass,,simple regression,,,,,,,,,,,,,,,,,,,
Devore7::ex15.04,devore p 607,sign test,,,,,,,,,,,,,,,,,,,
Devore7::ex14.13,devore p 585,binomial test of fit,,,,,,,,,,,,,,,,,,,
Stat2Data::CO2,,"time series, graphs",,,,,,,,,,,,,,,,,,,
carData::Bfox,,multiple regression,,,,,,,,,,,,,,,,,,,
BSDA::Ronbrown1,kitchens 2.9,simple regression,,,,,,,,,,,,,,,,,,,
HH::glasses,heiberger,chi-squared,,,,,,,,,,,,,,,,,,,
datasets::sunspot.year,,"time series, one-sample, graphs, two-sample, anova",,,,,,,,,,,,,,,,,,,
AER::STAR,,"multiple regression, principal components, summary, graphs",,,,,,,,,,,,,,,,,,,
nomclust::data20,,clustering,,,,,,,,,,,,,,,,,,,
aprean3::dse03z,ex Z ch 3 D&S p 107,simple regression,,,,,,,,,,,,,,,,,,,
openintro::possum,,"discriminant, MANOVA",,,,,,,,,,,,,,,,,,,
vcd::VonBort,,"time series, poisson",,,,,,,,,,,,,,,,,,,
BSDA::Diplomat,,graphs,,,,,,,,,,,,,,,,,,,
resampledata::Cereals,chihara,chi-squared,,,,,,,,,,,,,,,,,,,
rgdal::nor2k,,spatial,,,,,,,,,,,,,,,,,,,
agridat::chakravertti.factorial,,factorial design,,,,,,,,,,,,,,,,,,,
ade4::mafragh,,spatial,,,,,,,,,,,,,,,,,,,
janeaustenr::persuasion,,text analysis,,,,,,,,,,,,,,,,,,,
MLGdata::Testingresso,,item analysis,,,,,,,,,,,,,,,,,,,
ggplot2::luv_colours,,colours,,,,,,,,,,,,,,,,,,,
Rlab::randomdata,,one sample,,,,,,,,,,,,,,,,,,,
Sleuth2::ex2223,,logistic regression,,,,,,,,,,,,,,,,,,,
Sleuth3::case1803,,log-linear,,,,,,,,,,,,,,,,,,,
dichromat::dalton,,colours,,,,,,,,,,,,,,,,,,,
MindOnStats::Study,,"summaries, graphs",,,,,,,,,,,,,,,,,,,
agridat::gomez.nonnormal3,,"logistic regression (grouped), log-linear",,,,,,,,,,,,,,,,,,,
DanielBiostatistics10th::EXR_C08_S04_03 (data),,repeated measures,,,,,,,,,,,,,,,,,,,
MethComp::ox,,"matched pairs, repeated measures",,,,,,,,,,,,,,,,,,,
Sleuth3::ex0211,,survival analysis,,,,,,,,,,,,,,,,,,,
aprean3::dse15j,draper ch 15 ex j,multiple regression,,,,,,,,,,,,,,,,,,,
DanielBiostatistics10th::EXR_C09_S03_07 (data),,simple regression,,,,,,,,,,,,,,,,,,,
BSDA::Governor,kitchens ex 5.112,"one sample, matched pairs",,,,,,,,,,,,,,,,,,,
ACSWR::SP,,factorial design,,,,,,,,,,,,,,,,,,,
MindOnStats::HandHeight,,ancova,,,,,,,,,,,,,,,,,,,
datasets::USJudgeRatings,,principal components,,,,,,,,,,,,,,,,,,,
agridat::cornelius.maize,,randomized block,,,,,,,,,,,,,,,,,,,
SenSrivastava::E7.4,,"regression with time dependence, time series",,,,,,,,,,,,,,,,,,,
DAAG::medExpenses,,simple regression,,,,,,,,,,,,,,,,,,,
MindOnStats::SleepStudy,,one sample,,,,,,,,,,,,,,,,,,,
Sleuth2::ex0327,,"simple regression, regression with categorical",,,,,,,,,,,,,,,,,,,
HH::leukemia,,logistic regression,,,,,,,,,,,,,,,,,,,
datasets::state.division (state),,"summary, principal components",,,,,,,,,,,,,,,,,,,
HSAUR2::suicides,,chi-squared,,,,,,,,,,,,,,,,,,,
GLMsData::rootstock,,log-linear,,,,,,,,,,,,,,,,,,,
faraway::hprice,,multiple regression,,,,,,,,,,,,,,,,,,,
Sleuth3::ex1033,,multiple regression,,,,,,,,,,,,,,,,,,,
BSDA::Tiaa,,time series,,,,,,,,,,,,,,,,,,,
NSM3::velocity,example 3.9 p 90,sign test,,,,,,,,,,,,,,,,,,,
resampledata::Sat2008,chihara,?,,,,,,,,,,,,,,,,,,,
ade4::butterfly,,spatial,,,,,,,,,,,,,,,,,,,
HH::animal,heiberger,two-way anova,,,,,,,,,,,,,,,,,,,
DanielBiostatistics10th::LDS_C08_LSADATA (data),daniel,anova,,,,,,,,,,,,,,,,,,,
aprean3::dse22g,draper ch 22 ex g,simple regression (grouped),,,,,,,,,,,,,,,,,,,
robustbase::vaso,,logistic regression,,,,,,,,,,,,,,,,,,,
MPV::p7.15,montgomery 7-15 (7.17),simple regression,,,,,,,,,,,,,,,,,,,
ade4::ungulates,,phylogeny,,,,,,,,,,,,,,,,,,,
agridat::crampton.pig,,"ancova, regression with categorical",,,,,,,,,,,,,,,,,,,
mistat::INSERTION,,"logistic regression grouped, log-linear",,,,,,,,,,,,,,,,,,,
datasets::state.name (state),,join,,,,,,,,,,,,,,,,,,,
Stat2Data::MetroCommutes,,ancova,,,,,,,,,,,,,,,,,,,
rethinking::islandsDistMatrix,,cluster,,,,,,,,,,,,,,,,,,,
pscl::admit,,multiple regression,,,,,,,,,,,,,,,,,,,
agridat::gomez.fractionalfactorial,,fractional factorial,,,,,,,,,,,,,,,,,,,
DAAG::mignonette,,matched pairs,,,,,,,,,,,,,,,,,,,
agridat::mercer.wheat.uniformity,,"two way anova, manova",,,,,,,,,,,,,,,,,,,
msos::leprosy,,"anova (on differences), ancova",,,,,,,,,,,,,,,,,,,
Stat2Data::Whickham2,,log-linear,,,,,,,,,,,,,,,,,,,
Devore7::ex16.25,devore,control charts,,,,,,,,,,,,,,,,,,,
boot::coal,,"one sample, anova, graphs, dates",,,,,,,,,,,,,,,,,,,
aprean3::dse03jj3,draper ch 3 ex jj3,simple regression,,,,,,,,,,,,,,,,,,,
aprean3::dss2310,draper sec 23.10,two-way anova,,,,,,,,,,,,,,,,,,,
vcd::RepVict,,chi-squared,,,,,,,,,,,,,,,,,,,
MASS::drivers,,two-sample,,,,,,,,,,,,,,,,,,,
TeachingDemos::outliers,,one-sample,,,,,,,,,,,,,,,,,,,
Stat2Data::HorsePrices,,multiple regression,,,,,,,,,,,,,,,,,,,
cluster.datasets::us.links.between.states,,clustering,,,,,,,,,,,,,,,,,,,
HH::blood,heiberger,anova,,,,,,,,,,,,,,,,,,,
Devore7::ex01.45,devore,"one-sample, calculating SD",,,,,,,,,,,,,,,,,,,
mclust::ex4.3 (Baudry_etal_2010_JCGS_examples),,k-means clustering,,,,,,,,,,,,,,,,,,,
Stat2Data::Cuckoo,,anova,,,,,,,,,,,,,,,,,,,
openintro::arbuthnot,,"proportion test, log-linear",,,,,,,,,,,,,,,,,,,
Lock5Data::EducationLiteracy2e,,simple regression,,,,,,,,,,,,,,,,,,,
HH::patient,heiberger,anova,,,,,,,,,,,,,,,,,,,
agridat::strickland.tomato.uniformity,,two-way anova,,,,,,,,,,,,,,,,,,,
DAAG::primates,,simple regression,,,,,,,,,,,,,,,,,,,
BSDA::Spellers,kitchens ex 7.82,two-sample,,,,,,,,,,,,,,,,,,,
Devore7::ex12.20,devore,simple regression,,,,,,,,,,,,,,,,,,,
HH::shipment,heiberger,multiple regression,,,,,,,,,,,,,,,,,,,
spatstat.data::chorley.extra (chorley),,spatial,,,,,,,,,,,,,,,,,,,
GLMsData::deposit,,logistic regression (grouped),,,,,,,,,,,,,,,,,,,
Devore7::ex15.10,devore,mood median,,,,,,,,,,,,,,,,,,,
HSAUR3::polyps3,,"multiple regression, ancova, regression with categorical",,,,,,,,,,,,,,,,,,,
NSM3::hamilton,hollander ex 3.1 p 43,mood median,,,,,,,,,,,,,,,,,,,
Lock5Data::FloridaLakes,,multiple regression,,,,,,,,,,,,,,,,,,,
gnm::erikson,,log-linear,,,,,,,,,,,,,,,,,,,
Devore7::ex14.30,devore,chi-squared,,,,,,,,,,,,,,,,,,,
locfit::mmsamp,fig 13.1 of Loader local regression and likelihood,?,,,,,,,,,,,,,,,,,,,
lmtest::jocci,,time series,,,,,,,,,,,,,,,,,,,
dismo::acaule,,"spatial, maps",,,,,,,,,,,,,,,,,,,
geoR::s256i,,"spatial, kriging",,,,,,,,,,,,,,,,,,,
MVTests::Coated,rencher tab 5.3,manova,,,,,,,,,,,,,,,,,,,
CatDataAnalysis::exercise_13.17,agresti ex 13.17,random effects categorical,,,,,,,,,,,,,,,,,,,
DanielBiostatistics10th::REV_C09_34 (REV),danel review ex,simple regression,,,,,,,,,,,,,,,,,,,
gnm::House2001,,categorical,,,,,,,,,,,,,,,,,,,
SenSrivastava::E1.11,sen & srivastava,"simple regression, multiple regression",,,,,,,,,,,,,,,,,,,
ACSWR::battery,,two-way anova,,,,,,,,,,,,,,,,,,,
robustbase::condroz,,simple regression,,,,,,,,,,,,,,,,,,,
GLMsData::paper,,simple regression,,,,,,,,,,,,,,,,,,,
MindOnStats::IdealWtWomen,utts and heckard,simple regression,,,,,,,,,,,,,,,,,,,
agridat::petersen.sorghum.cowpea,petersen p 372,"intercropping: LER, manova",,,,,,,,,,,,,,,,,,,
waveslim::unemploy,,time series,,,,,,,,,,,,,,,,,,,
Lock5Data::HumanTears25,,"matched pairs, simple regression",,,,,,,,,,,,,,,,,,,
mclust::ex4.2 (Baudry_etal_2010_JCGS_examples),,cluster,,,,,,,,,,,,,,,,,,,
agridat::kalamkar.potato.uniformity,,two-way anova,,,,,,,,,,,,,,,,,,,
isdals::agefat,,simple regression,,,,,,,,,,,,,,,,,,,
EngrExpt::dhaze,,anova,,,,,,,,,,,,,,,,,,,
HH::seeding,heiberger holland,mood median,,,,,,,,,,,,,,,,,,,
spatstat.data::ants.extra (ants),,spatial,,,,,,,,,,,,,,,,,,,
lgrdata::icecream,,ancova,,,,,,,,,,,,,,,,,,,
rethinking::Hoogland,Hoogland 2013. Science 339:12051207.,logistic regression,,,,,,,,,,,,,,,,,,,
pscl::AustralianElections,,multiple regression,,,,,,,,,,,,,,,,,,,
agridat::nass.hay,,"simple regression, multiple regression",,,,,,,,,,,,,,,,,,,
Stat2Data::Titanic,,logistic regression,,,,,,,,,,,,,,,,,,,
Devore7::ex10.37,devore p 395,anova,,,,,,,,,,,,,,,,,,,
drc::RScompetition,,multiple regression,,,,,,,,,,,,,,,,,,,
nlme::Wafer,,"mixed effects, manova",,,,,,,,,,,,,,,,,,,
spData::eire.nb (eire),,multiple regression,,,,,,,,,,,,,,,,,,,
BSDA::Disposal,kitchens 1.127,one-sample,,,,,,,,,,,,,,,,,,,
kernlab::reuters,,text analysis,,,,,,,,,,,,,,,,,,,
survival::jasa1 (heart),,survival,,,,,,,,,,,,,,,,,,,
DAAG::SP500W90,,"economics, time series",,,,,,,,,,,,,,,,,,,
DAAG::leaftemp.all,,multiple regression,,,,,,,,,,,,,,,,,,,
agridat::kempton.competition,,3-way anova,,,,,,,,,,,,,,,,,,,
aprean3::dse12b,draper-smith ch 12 ex b,multiple regression,,,,,,,,,,,,,,,,,,,
agridat::darwin.maize,,3-way anova,,,,,,,,,,,,,,,,,,,
Devore7::xmp15.04,devore example 15.04,mood median,,,,,,,,,,,,,,,,,,,
rethinking::Rinder,,log-linear,,,,,,,,,,,,,,,,,,,
GGally::nasa,,spatial,,,,,,,,,,,,,,,,,,,
BSDA::Psych,kitchens 1.42,one-sample,,,,,,,,,,,,,,,,,,,
DAAG::seedrates,,simple regression,,,,,,,,,,,,,,,,,,,
Sleuth3::case0401,,two-sample,,,,,,,,,,,,,,,,,,,
Lock5Data::FishGills3,,two-sample,,,,,,,,,,,,,,,,,,,
AER::DutchSales,,time series,,,,,,,,,,,,,,,,,,,
Stat2Data::Gunnels,,logistic regression,,,,,,,,,,,,,,,,,,,
agridat::gomez.wetdry,,ancova,,,,,,,,,,,,,,,,,,,
Devore7::xmp13.15,devore example 13.15,"simple regression, regression transformation",,,,,,,,,,,,,,,,,,,
UsingR::babies,,multiple regression,,,,,,,,,,,,,,,,,,,
AER::USGasG,,time series,,,,,,,,,,,,,,,,,,,
isdals::riis,,simple regression,,,,,,,,,,,,,,,,,,,
robustbase::salinity,,multiple regression,,,,,,,,,,,,,,,,,,,
Sleuth3::ex0829,,simple regression,,,,,,,,,,,,,,,,,,,
faraway::jsp,,"multiple regression, manova",,,,,,,,,,,,,,,,,,,
Devore7::ex12.15,devore p 465,simple regression,,,,,,,,,,,,,,,,,,,
survminer::BMT,,survival,,,,,,,,,,,,,,,,,,,
Devore7::ex12.29,devore p 467,simple regression,,,,,,,,,,,,,,,,,,,
spatstat.data::vesicles.extra (vesicles),,spatial,,,,,,,,,,,,,,,,,,,
SenSrivastava::E2.4,,multiple regression,,,,,,,,,,,,,,,,,,,
robustbase::kootenay,,simple regression,,,,,,,,,,,,,,,,,,,
BSDA::Family,,simple regression,,,,,,,,,,,,,,,,,,,
robustbase::steamUse,,multiple regression,,,,,,,,,,,,,,,,,,,
Lock5Data::LightatNight4Weeks,,anova,,,,,,,,,,,,,,,,,,,
ISwR::wright,,"matched pairs, simple regression",,,,,,,,,,,,,,,,,,,
spData::nydata,,spatial,,,,,,,,,,,,,,,,,,,
openintro::malaria,,"logistic regression, chi-square",,,,,,,,,,,,,,,,,,,
faraway::phbirths,,"multiple regression, regression with categorical",,,,,,,,,,,,,,,,,,,
boot::tau,,anova,,,,,,,,,,,,,,,,,,,
BSDA::Register,"kitchens 2.3, 2.39, 2.54",simple regression,,,,,,,,,,,,,,,,,,,
openintro::satgpa,,multiple regression,,,,,,,,,,,,,,,,,,,
rrcov::lmom33,,?,,,,,,,,,,,,,,,,,,,
Sleuth3::ex1921,,chi-squared,,,,,,,,,,,,,,,,,,,
MASS::petrol,,multiple regression,,,,,,,,,,,,,,,,,,,
openintro::unemploy_pres,,two-sample,,,,,,,,,,,,,,,,,,,
Stat2Data::CalciumBP,,two-sample,,,,,,,,,,,,,,,,,,,
openintro::ucla_f18,,"reading in, graphs",,,,,,,,,,,,,,,,,,,
lmtest::valueofstocks,,time series,,,,,,,,,,,,,,,,,,,
maptools::h2pl (gpcholes),,spatial,,,,,,,,,,,,,,,,,,,
BSDA::Superbowl,kitchens 1.54,one-sample,,,,,,,,,,,,,,,,,,,
Sleuth3::ex2116,,logistic regression,,,,,,,,,,,,,,,,,,,
pscl::RockTheVote,,chi-squared,,,,,,,,,,,,,,,,,,,
datasets::freeny.x (freeny),,"time series, multiple regression",,,,,,,,,,,,,,,,,,,
SenSrivastava::E3.7,,multiple regression,,,,,,,,,,,,,,,,,,,
spatstat.data::paracou,,spatial,,,,,,,,,,,,,,,,,,,
HH::girlht,HH ex 8.4 p 211,simple regression,,,,,,,,,,,,,,,,,,,
openintro::smoking,,logistic regression,,,,,,,,,,,,,,,,,,,
,,?,,,,,,,,,,,,,,,,,,,
gpk::fishtoxin,,logistic regression grouped,,,,,,,,,,,,,,,,,,,
HH::distress,HH,mood median,,,,,,,,,,,,,,,,,,,
faraway::exa,,nonlinear regression,,,,,,,,,,,,,,,,,,,
DanielBiostatistics10th::REV_C13_19 (REV),Daniel,"simple regression, nonparametric correlation",,,,,,,,,,,,,,,,,,,
aprean3::dse03a,Draper & Smith,simple regression,,,,,,,,,,,,,,,,,,,
metadat::dat.molloy2014,,meta analysis,,,,,,,,,,,,,,,,,,,
survival::bladder (cancer),,survival,,,,,,,,,,,,,,,,,,,
,,?,,,,,,,,,,,,,,,,,,,
Devore7::ex01.73,devore p 43,one-sample,,,,,,,,,,,,,,,,,,,
systemfit::ppine,,multiple regression,,,,,,,,,,,,,,,,,,,
agridat::vsn.lupin3,,factorial experiment,,,,,,,,,,,,,,,,,,,
spData::usa48.nb (used.cars),,simple regression,,,,,,,,,,,,,,,,,,,
agridat::lehner.soybeanmold,,multiple regression,,,,,,,,,,,,,,,,,,,
DAAG::psid2,,multiple regression,,,,,,,,,,,,,,,,,,,
exactRankTests::sal,,"matched pairs, sign",,,,,,,,,,,,,,,,,,,
reshape::french_fries,,manova,,,,,,,,,,,,,,,,,,,
km.ci::rectum.dat,,survival (no treatment),,,,,,,,,,,,,,,,,,,
Stat2Data::Election08,,logistic regression,,,,,,,,,,,,,,,,,,,
rrcov::lmom32,,?,,,,,,,,,,,,,,,,,,,
HistData::PolioTrials,,logistic regression,,,,,,,,,,,,,,,,,,,
HH::salary,HH (done before?),"one-sample, simple regression",,,,,,,,,,,,,,,,,,,
fds::wamale,,time series,,,,,,,,,,,,,,,,,,,
spatstat.data::humberside,,spatial,,,,,,,,,,,,,,,,,,,
AER::PhDPublications,,poisson regression,,,,,,,,,,,,,,,,,,,
spData::incongruent,,spatial,,,,,,,,,,,,,,,,,,,
aprean3::dst134,draper-smith tab 13.4,boxcox,,,,,,,,,,,,,,,,,,,
forecast::wineind,,time series,,,,,,,,,,,,,,,,,,,
Stat2Data::FinalFourShort17,,logistic regression,,,,,,,,,,,,,,,,,,,
openintro::births,,"two-sample, graphs, summary",,,,,,,,,,,,,,,,,,,
strucchange::monitorM1 (GermanM1),,time series,,,,,,,,,,,,,,,,,,,
boot::aids,,bootstrap,,,,,,,,,,,,,,,,,,,
multcomp::mtept,,simultaneous inference,,,,,,,,,,,,,,,,,,,
DAAG::progression,,"multiple regression, boxcox",,,,,,,,,,,,,,,,,,,
fds::ECBYieldcurve,,time series,,,,,,,,,,,,,,,,,,,
openintro::xom,,time series,,,,,,,,,,,,,,,,,,,
lattice::singer,,anova,,,,,,,,,,,,,,,,,,,
rrcov::Cascades,,?,,,,,,,,,,,,,,,,,,,
isdals::mackerel,,logistic regression,,,,,,,,,,,,,,,,,,,
Lock5Data::NFLPreseason2019,,simple regression,,,,,,,,,,,,,,,,,,,
tseries::money.stock (NelPlo),,time series,,,,,,,,,,,,,,,,,,,
openintro::scotus_healthcare,,one-sample proportion,,,,,,,,,,,,,,,,,,,
agridat::ryder.groundnut,,factorial design,,,,,,,,,,,,,,,,,,,
DAAG::leafshape,,"manova, discriminant",,,,,,,,,,,,,,,,,,,
lavaan::PoliticalDemocracy,,"cluster, pca",,,,,,,,,,,,,,,,,,,
rethinking::Wines2012,,two-way anova,,,,,,,,,,,,,,,,,,,
HH::salk,HH,"log-linear, Mantel-Haenszel",,,,,,,,,,,,,,,,,,,
ISwR::vitcap2,,"regression with categorical, multiple regression",,,,,,,,,,,,,,,,,,,
DAAG::litters,,multiple regression,,,,,,,,,,,,,,,,,,,
KMsurv::bnct,Klein ex 7.7 p 223,survival,,,,,,,,,,,,,,,,,,,
MLGdata::Drugs2,,log-linear,,,,,,,,,,,,,,,,,,,
HistData::Macdonell,,simple regression,,,,,,,,,,,,,,,,,,,
faraway::cns,,multinomial logistic,,,,,,,,,,,,,,,,,,,
survival::udca2 (udca),,survival,,,,,,,,,,,,,,,,,,,
faraway::oatvar,,randomized block,,,,,,,,,,,,,,,,,,,
HH::salinity,HH,anova,,,,,,,,,,,,,,,,,,,
Lock5Data::GolfRound,,"graphs, simple regression",,,,,,,,,,,,,,,,,,,
spdep::COL.OLD (oldcol),,spatial,,,,,,,,,,,,,,,,,,,
MLGdata::Ohio,,logistic regression,,,,,,,,,,,,,,,,,,,
Stat2Data::HearingTest,,anova,,,,,,,,,,,,,,,,,,,
Devore7::xmp04.29,devore example 4.29,normal quantile plot,,,,,,,,,,,,,,,,,,,
BSDA::Habits,kitchens ex 7.57,"matched pairs, sign test",,,,,,,,,,,,,,,,,,,
Lock5Data::BodyTemp50,,"multiple regression, regression with categorical, ancova",,,,,,,,,,,,,,,,,,,
HH::oral,(not in my copy of text),chi-square,,,,,,,,,,,,,,,,,,,
DAAG::mdbAVtJtoD,,time series,,,,,,,,,,,,,,,,,,,
SenSrivastava::E3.6,(ex 3.11) use y84-y83,multiple regression,,,,,,,,,,,,,,,,,,,
rrcov::machines,,principal components,,,,,,,,,,,,,,,,,,,
Stat2Data::RadioactiveTwins,,"matched pairs, two-sample",,,,,,,,,,,,,,,,,,,
tidyr::table4a,,tidying,,,,,,,,,,,,,,,,,,,
Rfit::BoxCox,,"two-way anova, box-cox",,,,,,,,,,,,,,,,,,,
Devore7::ex14.11,devore p 576,goodness of fit,,,,,,,,,,,,,,,,,,,
isdals::fev,,regression with categorical,,,,,,,,,,,,,,,,,,,
Stat2Data::BaseballTimes2017,,"regression, multiple regression",,,,,,,,,,,,,,,,,,,
datasets::beaver2 (beavers),,two-sample,,,,,,,,,,,,,,,,,,,
HH::tser.mystery.X,HH ex 18.1 p 590,time series,,,,,,,,,,,,,,,,,,,
Lock5Data::NBAPlayers2011,,"multiple regression, principal components",,,,,,,,,,,,,,,,,,,
Devore7::ex07.46,devore p 280,"normal quantile, variance test",,,,,,,,,,,,,,,,,,,
cluster.datasets::animal.cluster.trees,,cluster,,,,,,,,,,,,,,,,,,,
Stat2Data::Leukemia,,survival,,,,,,,,,,,,,,,,,,,
Devore7::ex08.56,devore p 318,one-sample,,,,,,,,,,,,,,,,,,,
HH::ProfDiv,HH (not used in text),log-linear,,,,,,,,,,,,,,,,,,,
SenSrivastava::E7.3,,repeated measures,,,,,,,,,,,,,,,,,,,
tseries::nino3 (nino),,time series,,,,,,,,,,,,,,,,,,,
survival::kidney (cancer),,survival,,,,,,,,,,,,,,,,,,,
DAAG::cuckoohosts,,discriminant (but see help),,,,,,,,,,,,,,,,,,,
DAAG::humanpower2,,simple regression,,,,,,,,,,,,,,,,,,,
MindOnStats::PennState1,"ex 2.127, 2.131, 3.39, 3.95, 11.74, 11.75, 12.93, 15.29","graphs, one-sample, two-sample, proportion test, goodness of fit",,,,,,,,,,,,,,,,,,,
MLGdata::Pneu,,ordinal logistic regression,,,,,,,,,,,,,,,,,,,
Lock5Data::MastersGolf,,simple regression,,,,,,,,,,,,,,,,,,,
DAAG::possum,,discriminant,,,,,,,,,,,,,,,,,,,
openintro::sp500_1950_2018,,time series,,,,,,,,,,,,,,,,,,,
spatstat.data::bei.extra (bei),,spatial,,,,,,,,,,,,,,,,,,,
lme4::cake,,two-way anova,,,,,,,,,,,,,,,,,,,
MindOnStats::PennState2,utts,"simple regression, one-sample, graphs, choosing",,,,,,,,,,,,,,,,,,,
datasets::rock,,multiple regression,,,,,,,,,,,,,,,,,,,
Stat2Data::Overdrawn,,logistic regression,,,,,,,,,,,,,,,,,,,
Devore7::ex13.66,devore p 563,simple regression,,,,,,,,,,,,,,,,,,,
cluster.datasets::life.expectancy.1971,,cluster,,,,,,,,,,,,,,,,,,,
spatstat.data::japanesepines,,spatial,,,,,,,,,,,,,,,,,,,
spData::cycle_hire,,spatial,,,,,,,,,,,,,,,,,,,
Devore7::xmp12.01,devore p 448,simple regression,,,,,,,,,,,,,,,,,,,
BSDA::Honda,,one-sample,,,,,,,,,,,,,,,,,,,
pscl::UKHouseOfCommons,,"graphs, summary",,,,,,,,,,,,,,,,,,,
BHH2::shoes.data,,matched pairs,,,,,,,,,,,,,,,,,,,
MindOnStats::PennState2,utts,"graph, summary, dplyr",,,,,,,,,,,,,,,,,,,
PairedData::Sleep,,matched pairs,,,,,,,,,,,,,,,,,,,
aprean3::dst192,draper table 19.2 p 419,experimental design,,,,,,,,,,,,,,,,,,,
Devore7::ex07.45,devore p 280,one-sample,,,,,,,,,,,,,,,,,,,
AER::Medicaid1986,,multiple regression,,,,,,,,,,,,,,,,,,,
plotrix::l2010,,"spatial, maps",,,,,,,,,,,,,,,,,,,
HH::hooppine,heiberger p 378,ancova,,,,,,,,,,,,,,,,,,,
faraway::snail,,two-way anova,,,,,,,,,,,,,,,,,,,
MindOnStats::Endurance,utts,anova,,,,,,,,,,,,,,,,,,,
drc::earthworms,,grouped logistic regression,,,,,,,,,,,,,,,,,,,
PairedData::Grain,,matched pairs,,,,,,,,,,,,,,,,,,,
spData::alaska,,spatial,,,,,,,,,,,,,,,,,,,
Devore7::ex14.12,devore p 585,goodness of fit,,,,,,,,,,,,,,,,,,,
Stat2Data::AppleStock,?,time series,,,,,,,,,,,,,,,,,,,
HistData::Yeast,,"goodness of fit, tidying",,,,,,,,,,,,,,,,,,,
SenSrivastava::E4.10,,multinomial logistic,,,,,,,,,,,,,,,,,,,
Lock5Data::StockChanges,?,time series,,,,,,,,,,,,,,,,,,,
BSDA::Aggress,"ex 1.66, 1.81",one-sample,,,,,,,,,,,,,,,,,,,
BSDA::Short,ex 6.65,"one-sample, anova",,,,,,,,,,,,,,,,,,,
spData::e80_queen (elect80),,"spatial, maps",,,,,,,,,,,,,,,,,,,
DAAG::nswpsid1,,"graphs, summary",,,,,,,,,,,,,,,,,,,
MLGdata::Dogs,,ancova,,,,,,,,,,,,,,,,,,,
ISwR::thuesen,,simple regression,,,,,,,,,,,,,,,,,,,
agridat::hayman.tobacco,,factorial design,,,,,,,,,,,,,,,,,,,
BHH2::poison.data,,two-way anova,,,,,,,,,,,,,,,,,,,
MPV::tree.sample,,simple regression,,,,,,,,,,,,,,,,,,,
Devore7::xmp01.11,devore p 20,bar chart,,,,,,,,,,,,,,,,,,,
Ecdat::University,,"multiple regression, econometrics",,,,,,,,,,,,,,,,,,,
spData::go_y (getisord),,spatial,,,,,,,,,,,,,,,,,,,
psych::Reise,from correlation matrix,factor analysis,,,,,,,,,,,,,,,,,,,
survival::lung (cancer),,survival,,,,,,,,,,,,,,,,,,,
metadat::dat.dagostino1998,,meta-analysis,,,,,,,,,,,,,,,,,,,
aprean3::dse24l,ex L chapter 24 D&S,non-linear regression,,,,,,,,,,,,,,,,,,,
SenSrivastava::E8.13,,multiple regression,,,,,,,,,,,,,,,,,,,
Sleuth2::ex1221,,multiple regression,,,,,,,,,,,,,,,,,,,
regtools::peFactors,,multiple regression,,,,,,,,,,,,,,,,,,,
DanielBiostatistics10th::LDS_C07_MANDEXT (LDS),,"two-sample, sampling",,,,,,,,,,,,,,,,,,,
aprean3::dse14b,ex B ch 14,regression with categorical ,,,,,,,,,,,,,,,,,,,
agridat::australia.soybean,,"manova, discriminant",,,,,,,,,,,,,,,,,,,
Sleuth3::case0402,,survival,,,,,,,,,,,,,,,,,,,
MindOnStats::Reading,utts,?,,,,,,,,,,,,,,,,,,,
BSDA::Shock,,anova,,,,,,,,,,,,,,,,,,,
Devore7::ex13.48,devore p 547,response surface,,,,,,,,,,,,,,,,,,,
MPV::p7.19,montgomery et al,multiple regression,,,,,,,,,,,,,,,,,,,
Stat2Data::Pollster08,,two-sample,,,,,,,,,,,,,,,,,,,
fpp2::a10,,time series,,,,,,,,,,,,,,,,,,,
GLMsData::gestation,,simple regression,,,,,,,,,,,,,,,,,,,
Sleuth3::ex1320,,"anova, two-way anova",,,,,,,,,,,,,,,,,,,
Devore7::ex15.05,devore p 607,"matched pairs, sign test",,,,,,,,,,,,,,,,,,,
Stat2Data::HeatingOil,,time series,,,,,,,,,,,,,,,,,,,
AER::USGasB,,time series,,,,,,,,,,,,,,,,,,,
aprean3::dse14e,d&s ex e ch 14,dummy variables,,,,,,,,,,,,,,,,,,,
jomo::cldata,,cluster,,,,,,,,,,,,,,,,,,,
Rlab::ftp,,simple regression,,,,,,,,,,,,,,,,,,,
Devore7::ex13.34,devore p 528,simple regression,,,,,,,,,,,,,,,,,,,
BSDA::Nfldraft,,multiple regression,,,,,,,,,,,,,,,,,,,
agridat::saunders.maize.uniformity,,two-way anova,,,,,,,,,,,,,,,,,,,
Sleuth3::ex0430,,matched pairs,,,,,,,,,,,,,,,,,,,
DanielBiostatistics10th::REV_C09_44 (REV),daniel p 482,simple regression,,,,,,,,,,,,,,,,,,,
HSAUR2::meteo,,principal components,,,,,,,,,,,,,,,,,,,
robustbase::phosphor,,multiple regression,,,,,,,,,,,,,,,,,,,
splancs::cardiff,,spatial,,,,,,,,,,,,,,,,,,,
HSAUR3::backpain,,log-linear,,,,,,,,,,,,,,,,,,,
BaM::recidivism,,log-linear,,,,,,,,,,,,,,,,,,,
multcomp::sbp,,multiple regression,,,,,,,,,,,,,,,,,,,
EngrExpt::moisture,,factorial design,,,,,,,,,,,,,,,,,,,
KMsurv::std,Klein-Moesch sec 1.12,survival,,,,,,,,,,,,,,,,,,,
MindOnStats::Blinking,utts,factorial experiment,,,,,,,,,,,,,,,,,,,
MPV::p2.17,,simple regression,,,,,,,,,,,,,,,,,,,
DanielBiostatistics10th::EXR_C10_S03_06 (EXR),daniel,multiple regression,,,,,,,,,,,,,,,,,,,
fields::CO.id (COmonthlyMet),,spatial,,,,,,,,,,,,,,,,,,,
HSAUR3::schizophrenia2,,repeated measures, ,,,,,,,,,,,,,,,,,,
Sleuth3::case1702,,log-linear,,,,,,,,,,,,,,,,,,,
MASS::Cushings,,discriminant, ,,,,,,,,,,,,,,,,,,
agridat::cramer.cucumber,,"multiple regression, path analysis",,,,,,,,,,,,,,,,,,,
asbio::drugs,,log-linear,,,,,,,,,,,,,,,,,,,
MPV::table.b1,,multiple regression,,,,,,,,,,,,,,,,,,,
splancs::okwhite,,spatial,,,,,,,,,,,,,,,,,,,
agridat::batchelor.valencia.uniformity,,two-way anova,,,,,,,,,,,,,,,,,,,
GLMsData::urinationD,,"multiple regression, glm",,,,,,,,,,,,,,,,,,,
PASWR::House,,anova,,,,,,,,,,,,,,,,,,,
fma::ukdeaths,,time series,,,,,,,,,,,,,,,,,,,
nsm3data::chorioamnion,hollander-wolfe,mood median test,,,,,,,,,,,,,,,,,,,
BSDA::Arthriti,,anova,,,,,,,,,,,,,,,,,,,
DanielBiostatistics10th::REV_C09_37 (REV),daniel,simple regression,,,,,,,,,,,,,,,,,,,
isdals::cooling,,"two-way anova, matched pairs",,,,,,,,,,,,,,,,,,,
SMPracticals::bard,,text analysis,,,,,,,,,,,,,,,,,,,
heplots::MockJury,,multiple regression,,,,,,,,,,,,,,,,,,,
AER::TeachingRatings,,multiple regression,,,,,,,,,,,,,,,,,,,
asbio::goat.sel,"Manly BF, McDonald LL, Thomas DL, McDonald TL, Erickson WP (2002) Resource Selection by Animals: Statistical Design and Analysis for Field Studies. 2nd edn. Kluwer, New York",resource selection,,,,,,,,,,,,,,,,,,,
strucchange::PhillipsCurve,,"economics, nonlinear regression",,,,,,,,,,,,,,,,,,,
psych::Bechtoldt.2,,factor analysis,,,,,,,,,,,,,,,,,,,
ade4::taxo.eg,,taxonomy,,,,,,,,,,,,,,,,,,,
MASS::Skye,,ternary diagram,,,,,,,,,,,,,,,,,,,
faraway::peanut,,factorial design,,,,,,,,,,,,,,,,,,,
aprean3::dse15l,d&s ch 15 ex L,multiple regression,,,,,,,,,,,,,,,,,,,
MindOnStats::Movies,utts,multiple regression,,,,,,,,,,,,,,,,,,,
spatstat.data::murchison,,spatial,,,,,,,,,,,,,,,,,,,
modeldata::leaf_id_flavia,tidymodels,"modelling, regression with categorical",,,,,,,,,,,,,,,,,,,
HSAUR2::foster,,two-way anova,,,,,,,,,,,,,,,,,,,
openintro::cchousing,,one sample,,,,,,,,,,,,,,,,,,,
agridat::draper.safflower.uniformity,,two-way anova,,,,,,,,,,,,,,,,,,,
agridat::davies.pasture.uniformity,,two-way anova,,,,,,,,,,,,,,,,,,,
wooldridge::slp75_81,wooldridge p 463-464,"multiple regression, panel data",,,,,,,,,,,,,,,,,,,
DanielBiostatistics10th::EXR_C07_S02_13 (EXR),daniel,one-sample,,,,,,,,,,,,,,,,,,,
BSDA::Test1,,one sample,,,,,,,,,,,,,,,,,,,
fds::Cancerrate,,time series,,,,,,,,,,,,,,,,,,,
HSAUR3::men1500m,,"time series, graphs",,,,,,,,,,,,,,,,,,,
bakeoff::results_raw (data),,"reading, graphs",,,,,,,,,,,,,,,,,,,
openintro::cards,,sampling,,,,,,,,,,,,,,,,,,,
agridat::reid.grasses, ,"manova, anova",,,,,,,,,,,,,,,,,,,
Matrix::KNex,,matrix object,,,,,,,,,,,,,,,,,,,
psych::Harman.5,,factor analysis,,,,,,,,,,,,,,,,,,,
TH.data::geyser,,survival,,,,,,,,,,,,,,,,,,,
agridat::snedecor.asparagus,,repeated measures,,,,,,,,,,,,,,,,,,,
geoR::soja98,,"manova, discriminant",,,,,,,,,,,,,,,,,,,
agridat::allcroft.lodging,,two-way anova,,,,,,,,,,,,,,,,,,,
Devore7::ex01.11,devore p 20,"graphs, histogram bins",,,,,,,,,,,,,,,,,,,
mstate::ebmt2,,survival,,,,,,,,,,,,,,,,,,,
openintro::ethanol,,"logistic regression, chi-squared",,,,,,,,,,,,,,,,,,,
aod::orob1,,logistic regression grouped,,,,,,,,,,,,,,,,,,,
stevedata::PRDEG,,multiple regression,,,,,,,,,,,,,,,,,,,
aprean3::dse14u,d&s ch 14 ex u,"two-way anova, unbalanced design",,,,,,,,,,,,,,,,,,,
medicaldata::cytomegalovirus,,survival,,,,,,,,,,,,,,,,,,,
metadat::dat.laopaiboon2015,,meta-analysis,,,,,,,,,,,,,,,,,,,
agridat::theobald.barley,,factorial experiment,,,,,,,,,,,,,,,,,,,
Devore7::xmp09.08,devore p 344,matched pairs,,,,,,,,,,,,,,,,,,,
aprean3::dse22d,d&s ch 22 ex d,"simple regression, quadratic regression",,,,,,,,,,,,,,,,,,,
HSAUR3::Smoking_SchairerSchoeniger1944,,chi-square,,,,,,,,,,,,,,,,,,,
VGAM::car.all,,none,,,,,,,,,,,,,,,,,,,
evir::nidd.annual,,one sample,,,,,,,,,,,,,,,,,,,
asbio::sc.twin,,matched pairs,,,,,,,,,,,,,,,,,,,
pscl::iraqVote,,"logistic regression, chi-squared",,,,,,,,,,,,,,,,,,,
cluster::plantTraits,,"cluster, dissimilarity",,,,,,,,,,,,,,,,,,,
ACSWR::cork,,"anova, tidying",,,,,,,,,,,,,,,,,,,
stevedata::DJIA,,time series,,,,,,,,,,,,,,,,,,,
CatDataAnalysis::exercise_8.18,agresti,"log-linear, mantel-haenszel",,,,,,,,,,,,,,,,,,,
VGAM::auuc,,chi-square,,,,,,,,,,,,,,,,,,,
fds::ausmale,,time series,,,,,,,,,,,,,,,,,,,
HLMdiag::wages,,multiple regression,,,,,,,,,,,,,,,,,,,
SMPracticals::cement,,multiple regression,,,,,,,,,,,,,,,,,,,
Devore7::ex11.03,devore,randomized block,,,,,,,,,,,,,,,,,,,
tseries::cpi (NelPlo),,time series,,,,,,,,,,,,,,,,,,,
spatstat.data::ants,,spatial,,,,,,,,,,,,,,,,,,,
Ecdat::Yogurt,,multinomial logistic regression,,,,,,,,,,,,,,,,,,,
Rlab::ncsu.ex,,internal,,,,,,,,,,,,,,,,,,,
stevedata::usa_migration,,"time series, tidying",,,,,,,,,,,,,,,,,,,
mistat::OELECT1,,one sample,,,,,,,,,,,,,,,,,,,
DanielBiostatistics10th::EXR_C07_S03_05 (EXR),daniel,two-sample,,,,,,,,,,,,,,,,,,,
datasets::Orange,,simple regression,,,,,,,,,,,,,,,,,,,
stevedata::wvs_usa_educat,,"frequencies, summary",,,,,,,,,,,,,,,,,,,
fpp2::goog200,,time series,,,,,,,,,,,,,,,,,,,
Rlab::gam.ex,,internal,,,,,,,,,,,,,,,,,,,
faraway::corrosion,,simple regression,,,,,,,,,,,,,,,,,,,
DanielBiostatistics10th::REV_C13_06 (REV),daniel,spearman correlation,,,,,,,,,,,,,,,,,,,
agridat::gomez.nonnormal2,,"anova, anova with transformation",,,,,,,,,,,,,,,,,,,
DanielBiostatistics10th::LDS_C07_HEMOGLOB (LDS),daniel large data,two-sample,,,,,,,,,,,,,,,,,,,
stevedata::aluminum_premiums,,"two-sample, anova",,,,,,,,,,,,,,,,,,,
nsm3data::hepatitis,,survival,,,,,,,,,,,,,,,,,,,
DanielBiostatistics10th::EXR_C09_S07_06 (EXR),daniel,simple regression,,,,,,,,,,,,,,,,,,,
DanielBiostatistics10th::REV_C08_44 (REV),daniel review,repeated measures,,,,,,,,,,,,,,,,,,,
MASS::immer,,"two-way anova, manova",,,,,,,,,,,,,,,,,,,
SMPracticals::motorette,,survival,,,,,,,,,,,,,,,,,,,
MPV::p5.13,,"factorial design, regression with categorical",,,,,,,,,,,,,,,,,,,
UsingR::homedata,,matched pairs,,,,,,,,,,,,,,,,,,,
Rlab::popcorn,,factorial design,,,,,,,,,,,,,,,,,,,
Devore7::ex01.35,,summary stats,,,,,,,,,,,,,,,,,,,
openintro::sowc_demographics,openintro.org,various,,,,,,,,,,,,,,,,,,,
PASWR::WCST,,one sample,,,,,,,,,,,,,,,,,,,
nycflights13::airports,,maps,,,,,,,,,,,,,,,,,,,
forecast::woolyrnq,,time series,,,,,,,,,,,,,,,,,,,
fds::labp,,???,,,,,,,,,,,,,,,,,,,
VGAM::chest.nz,,"logistic regression, log-linear",,,,,,,,,,,,,,,,,,,
Devore7::ex13.53,devore p 549,multiple regression,,,,,,,,,,,,,,,,,,,
rainbow::ElNino_ERSST_region_4,,spatial,,,,,,,,,,,,,,,,,,,
text2vec::movie_review,,text analysis,,,,,,,,,,,,,,,,,,,
fields::CO.tmax (COmonthlyMet),,"climate, spatial",,,,,,,,,,,,,,,,,,,
isdals::chicken,,anova,,,,,,,,,,,,,,,,,,,
DanielBiostatistics10th::EXR_C07_S08_07 (EXR),daniel,test of variance,,,,,,,,,,,,,,,,,,,
SemiPar::onions,,"ancova, regression with categorical",,,,,,,,,,,,,,,,,,,
Ecdat::Cigarette,,"econometrics, multiple regression",,,,,,,,,,,,,,,,,,,
HH::lake,heiberger p 260,simple regression,,,,,,,,,,,,,,,,,,,
faraway::haireye,,chi-squared,,,,,,,,,,,,,,,,,,,
dslabs::brca,,"manova, discriminant",,,,,,,,,,,,,,,,,,,
Lock5Data::HomingPigeons,,"graphs, multiple regression",,,,,,,,,,,,,,,,,,,
Lock5Data::PASeniors,,"various, graphs",,,,,,,,,,,,,,,,,,,
medicaldata::supraclavicular,,survival,,,,,,,,,,,,,,,,,,,
usdata::county,,"various, multiple regression",,,,,,,,,,,,,,,,,,,
lmtest::pw561,,time series,,,,,,,,,,,,,,,,,,,
quantreg::Peirce,,"simple regression, regression with categorical",,,,,,,,,,,,,,,,,,,
Lock5Data::SampCountries2e,see what is in the text,"various, graphs, summaries",,,,,,,,,,,,,,,,,,,
BSDA::Toxic,"kitchens 1.55, 5.08, 5.109, 8.58, and 10.35","chi-square, anova, one-sample, sign test",,,,,,,,,,,,,,,,,,,
vcdExtra::Geissler,see sources,goodness of fit,,,,,,,,,,,,,,,,,,,
DanielBiostatistics10th::EXR_C13_S05_02 (EXR),daniel,mood median,,,,,,,,,,,,,,,,,,,
agridat::lasrosas.corn,,two-way anova,,,,,,,,,,,,,,,,,,,
MLGdata::Seed,,logistic regression,,,,,,,,,,,,,,,,,,,
asbio::asthma,,repeated measures,,,,,,,,,,,,,,,,,,,
ISwR::graft.vs.host,,survival,,,,,,,,,,,,,,,,,,,
gstat::wind.loc (wind),,"anova, spatial",,,,,,,,,,,,,,,,,,,
BSDA::Grades,,one-sample,,,,,,,,,,,,,,,,,,,
faraway::fat,,multiple regression,,,,,,,,,,,,,,,,,,,
Sleuth3::ex2120,,logistic regression,,,,,,,,,,,,,,,,,,,
AER::MurderRates,,multiple regression,,,,,,,,,,,,,,,,,,,
PASWR::sunflower,,factorial design,,,,,,,,,,,,,,,,,,,
CatDataAnalysis::table_12.1,agresti,log-linear,,,,,,,,,,,,,,,,,,,
PMCMRplus::algae,,repeated measures,,,,,,,,,,,,,,,,,,,
HH::feed,heiberger,two-way anova,,,,,,,,,,,,,,,,,,,
carData::LoBD,,"see help, box-cox",,,,,,,,,,,,,,,,,,,
survey::scd,,"sampling, log-linear",,,,,,,,,,,,,,,,,,,
Stat2Data::Putts1,,logistic regression,,,,,,,,,,,,,,,,,,,
kernlab::musk,,?,,,,,,,,,,,,,,,,,,,
Sleuth2::ex1512,,simple regression,,,,,,,,,,,,,,,,,,,
Sleuth3::ex1916,,log-linear,,,,,,,,,,,,,,,,,,,
agridat::jansen.apple,,log-linear,,,,,,,,,,,,,,,,,,,
fds::tuesdaydemand,,time series,,,,,,,,,,,,,,,,,,,
agridat::yates.missing,,factorial design,,,,,,,,,,,,,,,,,,,
Ecdat::Workinghours,,"econometrics, regression with categorical",,,,,,,,,,,,,,,,,,,
HSAUR3::Smoking_Mueller1940,,chi-squared,,,,,,,,,,,,,,,,,,,
UsingR::baycheck,,simple regression,,,,,,,,,,,,,,,,,,,
UsingR::alltime.movies,,simple regression,,,,,,,,,,,,,,,,,,,
Ecdat::BudgetFood,,multiple regression,,,,,,,,,,,,,,,,,,,
HH::elnino,hh,time series,,,,,,,,,,,,,,,,,,,
drc::finney71,,logistic regression,,,,,,,,,,,,,,,,,,,
agridat::baker.wheat.uniformity,,two-way anova,,,,,,,,,,,,,,,,,,,
Lock5Data::FootballBrain,,multiple regression,,,,,,,,,,,,,,,,,,,
asbio::PM2.5,,time series,,,,,,,,,,,,,,,,,,,
boot::melanoma,,survival,,,,,,,,,,,,,,,,,,,
modeldata::pathology,,logistic regression,,,,,,,,,,,,,,,,,,,
gpk::BatGroup,,zero-truncated Poisson,,,,,,,,,,,,,,,,,,,
nsm3data::bedmaking,hollander-wolfe tab 3.15,one-sample,,,,,,,,,,,,,,,,,,,
nsm3data::dewoxidant,hollander-wolfe tab 3.13,one-sample,,,,,,,,,,,,,,,,,,,
gpk::Cosmetic1,,ancova,,,,,,,,,,,,,,,,,,,
Stat2Data::RacialAnimus,,multiple regression,,,,,,,,,,,,,,,,,,,
isdals::malaria,,one-sample,,,,,,,,,,,,,,,,,,,
mosaicData::Mites,,chi-squared,,,,,,,,,,,,,,,,,,,
tidyr::smiths,,tidying,,,,,,,,,,,,,,,,,,,
Devore7::ex13.52,devore,"?, multiple regression",,,,,,,,,,,,,,,,,,,
Devore7::ex13.31,devore,"simple regression, quadratic regression",,, ,,,,,,,,,,,,,,,,
Stat2Data::TextPrices,,simple regression,,,,,,,,,,,,,,,,,,,
regtools::mlb,,"multiple regression, regression with categorical, choosing",,,,,,,,,,,,,,,,,,,
BSDA::Abilene,"Kitchens ex 1.23, 2.79","choosing, chi-square",,,,,,,,,,,,,,,,,,,
shapes::mice,,spatial,,,,,,,,,,,,,,,,,,,
Devore7::xmp13.09,devore example 13.9,"simple regression, quadratic regression",,,,,,,,,,,,,,,,,,,
Rfit::telephone,,"simple regression, exponential growth?",,,,,,,,,,,,,,,,,,,
fds::mondaydemand,,time series,,,,,,,,,,,,,,,,,,,
rrcov::maryo,,"simple regression, outliers",,,,,,,,,,,,,,,,,,,
validate::nace_rev2,,?,,,,,,,,,,,,,,,,,,,
DanielBiostatistics10th::REV_C08_18 (REV),daniel,"anova, manova",,,,,,,,,,,,,,,,,,,
bakeoff::bakes_raw (data),,choosing,,,,,,,,,,,,,,,,,,,
HSAUR::Forbes2000,"A Handbook of Statistical Analyses Using R (Brian S. Everitt and Torsten Hothorn, Chapman & Hall/CRC, 2006)","reading data, dplyr, multiple regression, graphs, regression tree",,,,,,,,,,,,,,,,,,,
DanielBiostatistics10th::EXR_C02_S03_06 (EXR),daniel,one-sample,,,,,,,,,,,,,,,,,,,
ks::hsct,,principal components,,,,,,,,,,,,,,,,,,,
BaM::coal.mining.disasters,,change point analysis,,,,,,,,,,,,,,,,,,,
UsingR::malpract,,sign test,,,,,,,,,,,,,,,,,,,
EngrExpt::drums,,"simple regression, matched pairs",,,,,,,,,,,,,,,,,,,
Sleuth2::ex1029,,multiple regression,,,,,,,,,,,,,,,,,,,
PairedData::BloodLead,,matched pairs,,,,,,,,,,,,,,,,,,,
fma::wheat,,time series,,,,,,,,,,,,,,,,,,,
Ecdat::CPSch3,,"two-sample, time series",,,,,,,,,,,,,,,,,,,
mistat::JANDEFECT,,"one-sample, time series, control chart",,,,,,,,,,,,,,,,,,,
HSAUR2::polyps3,,ancova,,,,,,,,,,,,,,,,,,,
BayesDA::personality,,"log-linear, Bayesian",,,,,,,,,,,,,,,,,,,
EngrExpt::calcium,,matched pairs,,,,,,,,,,,,,,,,,,,
EngrExpt::protein,,factorial,,,,,,,,,,,,,,,,,,,
HLMdiag::radon,,"ancova, regression with categorical",,,,,,,,,,,,,,,,,,,
DanielBiostatistics10th::EXR_C08_S03_01 (EXR),daniel,,,,,,,,,,,,,,,,,,,,
alr3::salarygov,,multiple regression,,,,,,,,,,,,,,,,,,,
ade4::vegtf,,spatial, ,,,,,,,,,,,,,,,,,,
BSDA::Rainks,kitchens ex 9.8,multiple regression,,,,,,,,,,,,,,,,,,,
SMPracticals::bliss,,logistic regression,,,,,,,,,,,,,,,,,,,
strucchange::durab,,time series,,,,,,,,,,,,,,,,,,,
spData::lnd,,spatial,,,,,,,,,,,,,,,,,,,
UsingR::normtemp,,"two-sample, one-sample, ancova, regression with categorical",,,,,,,,,,,,,,,,,,,
Rlab::means.ex,,internal,,,,,,,,,,,,,,,,,,,
causaldata::credit_cards,,"multiple regression, logistic regression",,,,,,,,,,,,,,,,,,,
Devore7::ex11.20,devore,two-way anova,,,,,,,,,,,,,,,,,,,
Lock5Data::Wetsuits,,two-way anova,,,,,,,,,,,,,,,,,,,
openintro::diabetes2,,chi-squared,,,,,,,,,,,,,,,,,,,
robustbase::exAM,,simple regression,,,,,,,,,,,,,,,,,,,
isdals::duckweed,,simple regression,,,,,,,,,,,,,,,,,,,
MPV::table.b15,,multiple regression,,,,,,,,,,,,,,,,,,,
gpk::Earthquake,,multiple regression,,,,,,,,,,,,,,,,,,,
spData::hopkins,,spatial,,,,,,,,,,,,,,,,,,,
alr3::wblake,,multiple regression,,,,,,,,,,,,,,,,,,,
drc::chickweed,,repeated measures,,,,,,,,,,,,,,,,,,,
MindOnStats::PulseMarch,utts,"simple regression, matched pairs",,,,,,,,,,,,,,,,,,,
MLGdata::Credit,,logistic regression,,,,,,,,,,,,,,,,,,,
metadat::dat.lee2004,,meta-analysis,,,,,,,,,,,,,,,,,,,
COUNT::rwm1984,,poisson regression,,,,,,,,,,,,,,,,,,,
gpk::Frog_survival,,"simple regression, box cox",,,,,,,,,,,,,,,,,,,
datasets::freeny.y,,time series,,,,,,,,,,,,,,,,,,,
MASS::Melanoma,,survival,,,,,,,,,,,,,,,,,,,
datasets::JohnsonJohnson,,time series,,,,,,,,,,,,,,,,,,,
boot::frets,,principal components,,,,,,,,,,,,,,,,,,,
modelr::sim4,,modelling,,,,,,,,,,,,,,,,,,,
survival::capacitor,,survival,,,,,,,,,,,,,,,,,,,
boot::paulsen,,"one-sample, multimodal",,,,,,,,,,,,,,,,,,,
MASS::VA,,survival,,,,,,,,,,,,,,,,,,,
nlme::Phenobarb,,repeated measures,,,,,,,,,,,,,,,,,,,
datasets::treering,,time series,,,,,,,,,,,,,,,,,,,
MASS::ships,,glm,,,,,,,,,,,,,,,,,,,
datasets::precip,,one-sample,,,,,,,,,,,,,,,,,,,
rpart::stagec,,survival,,,,,,,,,,,,,,,,,,,
boot::grav,,"one-sample, anova",,,,,,,,,,,,,,,,,,,
datasets::nhtemp,,time series,,,,,,,,,,,,,,,,,,,
datasets::USAccDeaths,,time series,,,,,,,,,,,,,,,,,,,
nlme::Quinidine,,repeated measures,,,,,,,,,,,,,,,,,,,
MASS::caith,,chi-square,,,,,,,,,,,,,,,,,,,
MASS::OME,,"logistic regression, repeated measures",,,,,,,,,,,,,,,,,,,
survival::solder,,factorial design,,,,,,,,,,,,,,,,,,,
mgcv::columb,,multiple regression,,,,,,,,,,,,,,,,,,,
datasets::EuStockMarkets,,time series,,,,,,,,,,,,,,,,,,,
nlme::Assay,,factorial design,,,,,,,,,,,,,,,,,,,
MASS::Sitka89,,repeated measures,,,,,,,,,,,,,,,,,,,
datasets::sunspot.month,,"time series, tidying",,,,,,,,,,,,,,,,,,,
datasets::Seatbelts,,"multiple regression, time series",,,,,,,,,,,,,,,,,,,
carData::Duncan,,logistic regression,,,,,,,,,,,,,,,,,,,
lme4::Arabidopsis,,"poisson regression, experimental design",,,,,,,,,,,,,,,,,,,
boot::dogs,,simple regression,,,,,,,,,,,,,,,,,,,
lme4::grouseticks,,repeated measures,,,,,,,,,,,,,,,,,,,
datasets::co2,,time series,,,,,,,,,,,,,,,,,,,
ISwR::coking,,two-way anova,,,,,,,,,,,,,,,,,,,
datasets::state.x77 (state),,"summaries, multiple regression",,,,,,,,,,,,,,,,,,,
carData::Migration,companion to applied regression,multiple regression,,,,,,,,,,,,,,,,,,,
doBy::NIRmilk,,big data,,,,,,,,,,,,,,,,,,,
carData::KosteckiDillon,,"logistic regression, repeated measures",,,,,,,,,,,,,,,,,,,
SparseM::X (triogramX),,bivariate smoothing,,,,,,,,,,,,,,,,,,,
bit64::benchmark64.data,,multiple regression,,,,,,,,,,,,,,,,,,,
survival::cracks (reliability),,survival,,,,,,,,,,,,,,,,,,,
carData::Adler,,two-way anova,,,,,,,,,,,,,,,,,,,
Sleuth2::ex1613,,"MANOVA, discriminant",,,,,,,,,,,,,,,,,,,
spatstat.data::longleaf,,spatial,,,,,,,,,,,,,,,,,,,
BSDA::Sunspot,,"time series, two-sample, anova",,,,,,,,,,,,,,,,,,,
vcd::MSPatients,,log-linear,,,,,,,,,,,,,,,,,,,
GLMsData::turbines,,multiple regression,,,,,,,,,,,,,,,,,,,
alr3::ufcwc,,simple regression,,,,,,,,,,,,,,,,,,,
carData::Depredations,,maps,,,,,,,,,,,,,,,,,,,
Sleuth3::ex2113,,logistic regression grouped,,,,,,,,,,,,,,,,,,,
aprean3::dse03e,,simple regression,,,,,,,,,,,,,,,,,,,
Lock5Data::OlympicMarathon2016,,sampling distribution of sample mean,,,,,,,,,,,,,,,,,,,
alr3::shortshoots,,logistic regression (?),,,,,,,,,,,,,,,,,,,
alr3::cloud,,multilple regression,,,,,,,,,,,,,,,,,,,
fds::aa,,functional data analysis,,,,,,,,,,,,,,,,,,,
Sleuth3::ex1509,,"two-sample, anova, time series",,,,,,,,,,,,,,,,,,,
BSDA::Chevy,,chi-squared,,,,,,,,,,,,,,,,,,,
Stat2Data::Goldenrod,,"simple regression, multiple regression",,,,,,,,,,,,,,,,,,,
ISwR::melanom,,survival,,,,,,,,,,,,,,,,,,,
Sleuth3::case1502,,"time series, two-sample, anova",,,,,,,,,,,,,,,,,,,
Sleuth3::ex1515,,"simple regression, time series",,,,,,,,,,,,,,,,,,,
Devore7::ex01.18,,graphs,,,,,,,,,,,,,,,,,,,
urca::ecb,,time series,,,,,,,,,,,,,,,,,,,
boot::catsM,,simple regression,,,,,,,,,,,,,,,,,,,
datasets::Loblolly,,ancova,,,,,,,,,,,,,,,,,,,
Devore7::ex01.59,,two-sample,,,,,,,,,,,,,,,,,,,
HH::mileage,,multiple regression (ex 11.5),,,,,,,,,,,,,,,,,,,
Lock5Data::NHANES,,"logistic regression, ordered logistic",,,,,,,,,,,,,,,,,,,
fds::thursdaytempkent,,time series,,,,,,,,,,,,,,,,,,,
Lock5Data::RockandRoll2012,,"chisquared, sampling dist of sample proportion",,,,,,,,,,,,,,,,,,,
datasets::Harman74.cor,,factor analysis,,,,,,,,,,,,,,,,,,,
HistData::OldMaps,,"maps, graphs",,,,,,,,,,,,,,,,,,,
Devore7::ex15.33,,sign test (median 25),,,,,,,,,,,,,,,,,,,
fds::Fatspectrum,,functional data analysis,,,,,,,,,,,,,,,,,,,
faraway::irrigation,,"two-way anova, split-plot",,,,,,,,,,,,,,,,,,,
fda::nondurables,,time series,,,,,,,,,,,,,,,,,,,
Lock5Data::Cars2015,,"principal components, manova, discriminant",,,,,,,,,,,,,,,,,,,
BSDA::Concept,,"one-sample, summary stats, boxplot",,,,,,,,,,,,,,,,,,,
